# ************************************************************
# Sequel Pro SQL dump
# Version 4541
#
# http://www.sequelpro.com/
# https://github.com/sequelpro/sequelpro
#
# Host: localhost (MySQL 5.6.35)
# Database: restful_api
# Generation Time: 2018-02-07 15:03:04 +0000
# ************************************************************


/*!40101 SET @OLD_CHARACTER_SET_CLIENT=@@CHARACTER_SET_CLIENT */;
/*!40101 SET @OLD_CHARACTER_SET_RESULTS=@@CHARACTER_SET_RESULTS */;
/*!40101 SET @OLD_COLLATION_CONNECTION=@@COLLATION_CONNECTION */;
/*!40101 SET NAMES utf8 */;
/*!40014 SET @OLD_FOREIGN_KEY_CHECKS=@@FOREIGN_KEY_CHECKS, FOREIGN_KEY_CHECKS=0 */;
/*!40101 SET @OLD_SQL_MODE=@@SQL_MODE, SQL_MODE='NO_AUTO_VALUE_ON_ZERO' */;
/*!40111 SET @OLD_SQL_NOTES=@@SQL_NOTES, SQL_NOTES=0 */;


# Dump of table migrations
# ------------------------------------------------------------

DROP TABLE IF EXISTS `migrations`;

CREATE TABLE `migrations` (
  `id` int(10) unsigned NOT NULL AUTO_INCREMENT,
  `migration` varchar(191) COLLATE utf8mb4_unicode_ci NOT NULL,
  `batch` int(11) NOT NULL,
  PRIMARY KEY (`id`)
) ENGINE=InnoDB DEFAULT CHARSET=utf8mb4 COLLATE=utf8mb4_unicode_ci;

LOCK TABLES `migrations` WRITE;
/*!40000 ALTER TABLE `migrations` DISABLE KEYS */;

INSERT INTO `migrations` (`id`, `migration`, `batch`)
VALUES
	(1,'2014_10_12_000000_create_users_table',1),
	(2,'2014_10_12_100000_create_password_resets_table',1),
	(3,'2018_02_07_140559_create_products_table',1),
	(4,'2018_02_07_140644_create_reviews_table',1);

/*!40000 ALTER TABLE `migrations` ENABLE KEYS */;
UNLOCK TABLES;


# Dump of table password_resets
# ------------------------------------------------------------

DROP TABLE IF EXISTS `password_resets`;

CREATE TABLE `password_resets` (
  `email` varchar(191) COLLATE utf8mb4_unicode_ci NOT NULL,
  `token` varchar(191) COLLATE utf8mb4_unicode_ci NOT NULL,
  `created_at` timestamp NULL DEFAULT NULL,
  KEY `password_resets_email_index` (`email`)
) ENGINE=InnoDB DEFAULT CHARSET=utf8mb4 COLLATE=utf8mb4_unicode_ci;



# Dump of table products
# ------------------------------------------------------------

DROP TABLE IF EXISTS `products`;

CREATE TABLE `products` (
  `id` int(10) unsigned NOT NULL AUTO_INCREMENT,
  `name` varchar(191) COLLATE utf8mb4_unicode_ci NOT NULL,
  `detail` text COLLATE utf8mb4_unicode_ci NOT NULL,
  `price` int(11) NOT NULL,
  `stock` int(11) NOT NULL,
  `discount` int(11) NOT NULL,
  `created_at` timestamp NULL DEFAULT NULL,
  `updated_at` timestamp NULL DEFAULT NULL,
  PRIMARY KEY (`id`)
) ENGINE=InnoDB DEFAULT CHARSET=utf8mb4 COLLATE=utf8mb4_unicode_ci;

LOCK TABLES `products` WRITE;
/*!40000 ALTER TABLE `products` DISABLE KEYS */;

INSERT INTO `products` (`id`, `name`, `detail`, `price`, `stock`, `discount`, `created_at`, `updated_at`)
VALUES
	(1,'Reyna Kautzer','Aut sit expedita nostrum aliquid dicta enim. Fugiat voluptatum molestiae facere voluptate quia tempore. Quia dolor voluptatem voluptatem voluptatem et culpa.',648,6,5,'2018-02-07 14:57:09','2018-02-07 14:57:09'),
	(2,'Thurman Leannon','Ex amet omnis minus sed aperiam iusto ducimus perspiciatis. Velit corporis beatae natus et nemo et vel.',886,0,6,'2018-02-07 14:57:09','2018-02-07 14:57:09'),
	(3,'Brando Rosenbaum','Similique natus rerum perspiciatis nemo dolore. Consequuntur impedit consequatur eligendi ut numquam.',716,7,14,'2018-02-07 14:57:09','2018-02-07 14:57:09'),
	(4,'Brielle Wiza','Numquam sapiente illum sequi id officiis. Blanditiis explicabo nostrum quibusdam eos blanditiis. Odio amet nesciunt id laudantium nostrum odit.',477,1,14,'2018-02-07 14:57:09','2018-02-07 14:57:09'),
	(5,'Miss Roxane Halvorson','Aspernatur veritatis sunt quam eum. Amet in dolorem facere culpa. Est ut cum quia non ullam culpa reiciendis. Qui a est vel officia et ea.',692,8,13,'2018-02-07 14:57:09','2018-02-07 14:57:09'),
	(6,'Dr. Deron Ferry II','Accusantium et inventore occaecati. Modi ipsam ducimus veritatis quia. Harum fuga aliquam voluptatem. Accusantium magni architecto tenetur qui et recusandae laudantium qui.',183,8,23,'2018-02-07 14:57:09','2018-02-07 14:57:09'),
	(7,'Retta Franecki','Nam nostrum aliquam velit architecto sit nihil. Et fugiat mollitia qui. Dolor aut sit qui ea. Corrupti sit qui et molestiae numquam sapiente quas. Magni itaque eos porro est accusamus dolores dolor.',500,3,11,'2018-02-07 14:57:09','2018-02-07 14:57:09'),
	(8,'Hyman McClure','Omnis perspiciatis voluptas aut deserunt cum. Delectus deserunt illo nam cum in vel. Et molestiae iure optio et quasi vel corrupti aperiam. Ullam aspernatur rerum et impedit.',117,7,10,'2018-02-07 14:57:09','2018-02-07 14:57:09'),
	(9,'Dr. Sebastian Parisian','Exercitationem ut dignissimos ipsum hic consequatur perspiciatis. Non fugiat eligendi maxime ut. Aperiam consequatur id qui culpa. Qui quia quae reprehenderit quasi consequuntur occaecati. Rerum ut odit nobis reprehenderit autem quaerat.',319,9,29,'2018-02-07 14:57:09','2018-02-07 14:57:09'),
	(10,'Dell Schiller','Eos dolores quis consequuntur voluptas temporibus in est. Ut at nulla blanditiis recusandae. Omnis rem dignissimos ut saepe beatae rem eos. Animi error iste officiis.',841,3,3,'2018-02-07 14:57:09','2018-02-07 14:57:09'),
	(11,'Aracely Zieme PhD','Et eius unde porro eos numquam delectus. Rerum et repellat quo libero. Necessitatibus optio dolorem odio est.',596,7,8,'2018-02-07 14:57:09','2018-02-07 14:57:09'),
	(12,'Stanford Schamberger','Vel modi nostrum illum dolorum rerum libero. Consequuntur qui quia fugiat quia sunt voluptas voluptatibus facere. Et eligendi ad aut ut. Fugiat doloribus enim ad. Incidunt molestias debitis corporis adipisci tempore sit.',449,3,30,'2018-02-07 14:57:09','2018-02-07 14:57:09'),
	(13,'Raymundo Mraz II','Voluptatibus asperiores quia quod et omnis ex. Libero dignissimos quos ut quia sed accusamus. Dolor et sit veniam sunt soluta sed voluptas.',309,9,8,'2018-02-07 14:57:09','2018-02-07 14:57:09'),
	(14,'Ms. Lillie Considine Jr.','Nihil natus veniam eveniet et autem. Voluptas quisquam et aliquam velit dolor doloremque ea delectus. Repudiandae harum eum nam quibusdam ab sunt optio non. Voluptas iure et provident id nihil adipisci. Consequatur maiores in a sapiente dolorem fugiat ab laborum.',282,6,29,'2018-02-07 14:57:09','2018-02-07 14:57:09'),
	(15,'Cristopher Wehner','Mollitia eos deleniti ipsa qui molestiae earum. Repudiandae perspiciatis minus quia a omnis rerum. Ratione sequi incidunt explicabo quaerat molestias autem earum molestias. Qui beatae eos qui possimus.',310,6,22,'2018-02-07 14:57:09','2018-02-07 14:57:09'),
	(16,'Mya Armstrong','Veritatis et pariatur ipsa qui laudantium. Cumque ipsa perspiciatis molestias nulla autem eius suscipit. Iste dolor sit autem et natus.',846,7,13,'2018-02-07 14:57:09','2018-02-07 14:57:09'),
	(17,'Macy Brekke','At aspernatur est sit vitae quia. Officiis voluptatem facilis ut sequi sed eveniet quis. Dolores assumenda et assumenda aliquid.',814,8,7,'2018-02-07 14:57:09','2018-02-07 14:57:09'),
	(18,'Lilliana Hirthe','Ut odio a est et omnis ut sit. Rerum dolores quam autem odio dolores qui in. Sunt mollitia et reiciendis fugit adipisci sapiente in consequuntur.',827,4,27,'2018-02-07 14:57:09','2018-02-07 14:57:09'),
	(19,'Anthony Stoltenberg IV','Laborum unde et fugit omnis doloribus qui mollitia. Rerum facilis labore qui. Voluptate et fugiat sint molestiae inventore aut hic quos. Ratione corrupti quos nisi cumque quisquam. Et et quis quod ut accusamus at.',916,9,19,'2018-02-07 14:57:09','2018-02-07 14:57:09'),
	(20,'Cassie Crona PhD','Et sed quisquam qui a. Ad quisquam fugiat dolores delectus qui. Dolorem et velit sapiente itaque aut quibusdam laborum voluptatem. Deserunt provident fuga dolores.',528,4,30,'2018-02-07 14:57:09','2018-02-07 14:57:09'),
	(21,'Maxine Douglas IV','Voluptate illum reiciendis aliquam optio ut quod. Eos id quia aut explicabo qui.',642,0,14,'2018-02-07 14:57:09','2018-02-07 14:57:09'),
	(22,'Mckenzie Stiedemann','Blanditiis et et impedit nisi exercitationem. Velit aut est et iusto natus. Distinctio accusamus atque beatae voluptas. Quaerat cupiditate et possimus.',523,2,9,'2018-02-07 14:57:09','2018-02-07 14:57:09'),
	(23,'Elvie Krajcik I','Voluptate deserunt maxime excepturi eos. Animi voluptas omnis est. Qui excepturi voluptas omnis quasi ut quibusdam.',694,2,4,'2018-02-07 14:57:09','2018-02-07 14:57:09'),
	(24,'Alexie Kassulke','Deserunt ut ullam quisquam. Et deserunt iste voluptatem dolorum tenetur. Nisi cumque minus quaerat quas quae doloremque. Et sed dolorem quia libero.',785,4,16,'2018-02-07 14:57:09','2018-02-07 14:57:09'),
	(25,'Jaylon Leffler Jr.','Enim voluptatem earum cumque quis aspernatur. Dolorem ex debitis enim aut illo non non.',716,4,28,'2018-02-07 14:57:09','2018-02-07 14:57:09'),
	(26,'Alfonso Hoeger','Est molestiae nam praesentium quia. Tempora sunt excepturi ipsum. Enim molestiae et qui voluptas doloremque consequatur voluptas.',901,6,18,'2018-02-07 14:57:09','2018-02-07 14:57:09'),
	(27,'Lois Hoppe DDS','Eligendi aut exercitationem dolorem maiores veniam quibusdam. Quaerat aspernatur ea est ab fuga dignissimos dignissimos consectetur. Vitae rerum veniam est sunt sunt.',797,1,5,'2018-02-07 14:57:09','2018-02-07 14:57:09'),
	(28,'Mrs. Felicia Terry','Ducimus qui vitae in dolor. Non consectetur aut maiores voluptatem. Quia quisquam asperiores alias voluptatem rerum explicabo. Blanditiis dolores similique vel eligendi amet dicta.',983,7,19,'2018-02-07 14:57:09','2018-02-07 14:57:09'),
	(29,'Dr. Jerry Lesch','Aut libero at aut amet commodi ut. Amet eum dolor consequatur qui. Qui ex veritatis unde in mollitia dolores. Ut a omnis accusantium et provident.',386,9,3,'2018-02-07 14:57:09','2018-02-07 14:57:09'),
	(30,'Dr. Walton Schinner','Eius sit id culpa in hic ut nesciunt. Sit et sapiente quas dicta. Perspiciatis necessitatibus rerum aut ea.',142,2,10,'2018-02-07 14:57:09','2018-02-07 14:57:09'),
	(31,'Cortez Reichel','Aut et ipsum ab tempora id. Aperiam cum velit doloribus sunt. Voluptatem accusantium nihil est magnam sunt perspiciatis ex. Vitae sint quaerat nisi maiores explicabo.',725,8,27,'2018-02-07 14:57:09','2018-02-07 14:57:09'),
	(32,'Dr. Linwood Bode','Mollitia consequatur aut eligendi mollitia nam tempore. Fugit est consectetur et quis magnam qui in consequatur. Quia exercitationem aut et suscipit ea et.',286,0,15,'2018-02-07 14:57:09','2018-02-07 14:57:09'),
	(33,'Dr. Tyshawn Greenfelder','Iure sunt praesentium rerum est facilis debitis. Dolorem quo ut aut illo ducimus velit sapiente. Et vel quia fugit libero enim delectus.',151,2,11,'2018-02-07 14:57:09','2018-02-07 14:57:09'),
	(34,'Deja Wiegand DVM','Ut similique aut ad. Enim amet est minus aut soluta quo. Autem sapiente quis commodi eos.',425,6,21,'2018-02-07 14:57:09','2018-02-07 14:57:09'),
	(35,'Luisa Murazik','Ut quam consequatur odio repudiandae voluptatem hic voluptatum excepturi. Cum voluptatem voluptas natus ea accusantium. Quibusdam cumque explicabo eaque velit quis at non ea.',976,0,30,'2018-02-07 14:57:09','2018-02-07 14:57:09'),
	(36,'Kian Fadel','Dolores sapiente laudantium ullam qui molestias fugit. Mollitia rerum in alias quia. Eius consectetur est rerum et deserunt ut atque.',587,4,26,'2018-02-07 14:57:09','2018-02-07 14:57:09'),
	(37,'Liliane Beahan III','Perferendis tempora incidunt vero fuga porro nesciunt velit veniam. Ab aperiam et ab rerum quo sit aspernatur repudiandae. Perspiciatis totam nobis vitae id nam nesciunt possimus.',794,6,23,'2018-02-07 14:57:09','2018-02-07 14:57:09'),
	(38,'Prof. Ella Thiel','Ab consequatur eum officia praesentium dolores. Deserunt est sed blanditiis et aperiam deleniti. Est quibusdam et distinctio aut. Accusamus aut omnis quasi quo est ducimus.',383,1,10,'2018-02-07 14:57:09','2018-02-07 14:57:09'),
	(39,'Carlotta Stanton','Dolores in qui soluta ab. Aut eum quis sed aut accusantium dolor. Impedit doloribus molestiae et.',409,1,5,'2018-02-07 14:57:09','2018-02-07 14:57:09'),
	(40,'Kelley Herman II','Harum sint harum cum nam molestiae. Nesciunt incidunt quam voluptatem nesciunt dolorem ut. Ducimus soluta incidunt autem ipsam ut nesciunt rerum. Ad aperiam architecto similique quae.',238,0,18,'2018-02-07 14:57:09','2018-02-07 14:57:09'),
	(41,'Marty Hintz','Maiores assumenda aut possimus sed possimus aut nobis. Est et voluptas quos dolor corrupti enim sint. Molestiae aut et vero possimus perspiciatis non. Dolorem voluptatem consectetur omnis dignissimos perspiciatis tenetur.',592,0,18,'2018-02-07 14:57:09','2018-02-07 14:57:09'),
	(42,'Candace Olson','Dolor delectus dignissimos porro ex. Velit expedita voluptatum voluptatum error incidunt recusandae. Ea dolor quia id consectetur et ut voluptas aliquam. Provident totam quaerat iste sunt eum aliquid.',689,2,16,'2018-02-07 14:57:09','2018-02-07 14:57:09'),
	(43,'Shana Ruecker','Fugiat omnis alias aut possimus earum hic. Quod rerum laudantium reiciendis rerum. Quas maxime nisi vitae odio recusandae incidunt.',352,0,3,'2018-02-07 14:57:09','2018-02-07 14:57:09'),
	(44,'Margarette Rippin','Cum vitae possimus harum reprehenderit. Vero ipsa voluptatem fugiat.',953,1,20,'2018-02-07 14:57:09','2018-02-07 14:57:09'),
	(45,'Lilliana Tremblay II','Ullam aut ut atque ut libero facere. Neque animi aut neque possimus odit est ut. Omnis ducimus doloribus enim quis non. Rem temporibus enim quas nihil.',324,8,5,'2018-02-07 14:57:09','2018-02-07 14:57:09'),
	(46,'Santina Auer','Velit et ipsa nam quia sequi consequatur et illum. Quod vitae exercitationem voluptatem incidunt est. Harum quaerat accusantium dolores. Iste voluptatem modi voluptatem dolores.',684,9,13,'2018-02-07 14:57:09','2018-02-07 14:57:09'),
	(47,'Wanda O\'Hara','Similique inventore amet recusandae. Ut aut eveniet exercitationem excepturi dignissimos illo ea corrupti. Eligendi magnam fugiat et expedita suscipit. Quia et quidem vero quia corporis.',871,3,20,'2018-02-07 14:57:09','2018-02-07 14:57:09'),
	(48,'Hallie Jenkins','Voluptatem debitis nisi corrupti labore maxime. Ut velit minima quisquam aut dicta velit dolorum et. Amet nostrum corrupti suscipit est. Repellat omnis consequatur maxime quis quaerat modi optio. Blanditiis voluptatem repellendus non iusto voluptatibus nulla voluptatem.',323,9,3,'2018-02-07 14:57:09','2018-02-07 14:57:09'),
	(49,'Ariel Beatty','Suscipit quam rem doloremque facilis et vitae id error. Libero culpa totam impedit laudantium consequatur dolore quia laborum. Veritatis praesentium adipisci necessitatibus dolor iusto numquam qui. Quidem adipisci esse ut et et exercitationem tempora blanditiis.',776,4,24,'2018-02-07 14:57:09','2018-02-07 14:57:09'),
	(50,'Tad Daniel','Nobis autem est qui sapiente similique sed voluptas. Dolore vero voluptas odio reprehenderit quae. Eaque ea reiciendis non quisquam non.',383,3,17,'2018-02-07 14:57:09','2018-02-07 14:57:09');

/*!40000 ALTER TABLE `products` ENABLE KEYS */;
UNLOCK TABLES;


# Dump of table reviews
# ------------------------------------------------------------

DROP TABLE IF EXISTS `reviews`;

CREATE TABLE `reviews` (
  `id` int(10) unsigned NOT NULL AUTO_INCREMENT,
  `product_id` int(10) unsigned NOT NULL,
  `customer` varchar(191) COLLATE utf8mb4_unicode_ci NOT NULL,
  `review` text COLLATE utf8mb4_unicode_ci NOT NULL,
  `star` int(11) NOT NULL,
  `created_at` timestamp NULL DEFAULT NULL,
  `updated_at` timestamp NULL DEFAULT NULL,
  PRIMARY KEY (`id`),
  KEY `reviews_product_id_index` (`product_id`),
  CONSTRAINT `reviews_product_id_foreign` FOREIGN KEY (`product_id`) REFERENCES `products` (`id`) ON DELETE CASCADE
) ENGINE=InnoDB DEFAULT CHARSET=utf8mb4 COLLATE=utf8mb4_unicode_ci;

LOCK TABLES `reviews` WRITE;
/*!40000 ALTER TABLE `reviews` DISABLE KEYS */;

INSERT INTO `reviews` (`id`, `product_id`, `customer`, `review`, `star`, `created_at`, `updated_at`)
VALUES
	(1,17,'Dr. Monty Towne','Voluptatem deserunt qui ut sed maiores sed temporibus. Omnis officiis adipisci sunt pariatur ab modi.',0,'2018-02-07 14:57:09','2018-02-07 14:57:09'),
	(2,47,'Morris Thompson','Sit quia neque cupiditate ea deleniti temporibus. Eum fugit quia dolores delectus dignissimos dignissimos blanditiis. Similique vero ea optio consequatur.',3,'2018-02-07 14:57:09','2018-02-07 14:57:09'),
	(3,21,'Brendon Jaskolski','Ex autem ea iste at. Accusamus et eos rerum. Ratione delectus non minima commodi nulla repellat.',3,'2018-02-07 14:57:09','2018-02-07 14:57:09'),
	(4,1,'Kasey Nolan','Voluptatum consequatur doloribus temporibus quisquam. Ut dolores nulla facere qui autem et et quis.',5,'2018-02-07 14:57:09','2018-02-07 14:57:09'),
	(5,49,'Ms. Margot Grimes II','Nam sint aut voluptatem quis. Id eveniet dolorum excepturi dignissimos nisi cum. Voluptate ea nobis tempora similique. Saepe sed veniam suscipit illo ea est amet vitae. Quia qui vel vel soluta dolorum et.',0,'2018-02-07 14:57:09','2018-02-07 14:57:09'),
	(6,46,'Elinor Ward','Est adipisci commodi enim aspernatur voluptatem officia qui libero. Tenetur quis impedit repellat earum ut. Perferendis animi aliquid totam saepe voluptas excepturi. Est consequatur et quo amet temporibus veritatis.',4,'2018-02-07 14:57:09','2018-02-07 14:57:09'),
	(7,33,'Gerson Weimann V','Sit voluptatum natus consectetur repudiandae. Harum est nobis ut blanditiis. Eos tenetur quo illum a dolorem reiciendis omnis velit.',2,'2018-02-07 14:57:09','2018-02-07 14:57:09'),
	(8,31,'Anahi Reichel','Dignissimos ut fugit deleniti eos. Repellat voluptas facere alias recusandae dolore. Velit corporis molestiae sit quod laudantium.',3,'2018-02-07 14:57:09','2018-02-07 14:57:09'),
	(9,50,'Prof. Kavon Collier','Expedita beatae a odio iure aut et. Debitis quibusdam cum vel quaerat. Soluta cupiditate odit harum qui expedita eaque eveniet.',1,'2018-02-07 14:57:09','2018-02-07 14:57:09'),
	(10,10,'Jacynthe Paucek IV','Assumenda impedit possimus veniam. Magni commodi illum repellendus repellat qui facere dolore. Facere dolores sed deserunt quisquam aspernatur alias. Quia corrupti nihil et modi molestiae omnis.',0,'2018-02-07 14:57:09','2018-02-07 14:57:09'),
	(11,12,'Mrs. Ella Hilpert','Quo voluptate illo quidem dolores et aliquam facere est. Dolor nisi rem nihil doloribus. Cumque sed maxime reiciendis soluta est. Quia perferendis eligendi ut et quis quas error.',1,'2018-02-07 14:57:09','2018-02-07 14:57:09'),
	(12,22,'Jermey Auer','Non neque hic velit et. Id inventore tempora delectus dolorem veritatis. Quo quod tempore corporis.',1,'2018-02-07 14:57:09','2018-02-07 14:57:09'),
	(13,34,'Prof. Alvera Kessler','Quo voluptas delectus quia quam voluptas repudiandae rem. Quaerat ipsam omnis optio cumque molestiae quia impedit. Libero tempore non beatae voluptatem.',5,'2018-02-07 14:57:09','2018-02-07 14:57:09'),
	(14,49,'Modesta Hansen','Deleniti adipisci ullam quo repellendus molestiae. Dolor eius accusantium occaecati ipsa ut sunt exercitationem.',2,'2018-02-07 14:57:09','2018-02-07 14:57:09'),
	(15,7,'Wilfredo Bailey','Nihil voluptatem molestiae sed libero omnis. Vero natus nobis natus autem occaecati. Eum quia nemo dolores vero laudantium beatae. Et est id voluptas natus.',5,'2018-02-07 14:57:09','2018-02-07 14:57:09'),
	(16,9,'Mr. Miller Murazik','Illo et voluptas sed. Quia tempora ad in. Beatae omnis distinctio unde.',1,'2018-02-07 14:57:09','2018-02-07 14:57:09'),
	(17,44,'Mr. Claude Torp DVM','Vel harum maxime aut atque qui. Eum quidem commodi totam doloribus ut nihil sed. Blanditiis quia quia aut quas quibusdam. Sequi vel consequatur temporibus maxime vel.',1,'2018-02-07 14:57:09','2018-02-07 14:57:09'),
	(18,20,'Gilberto Hand','Corrupti ipsum vero voluptatem aut et. Esse qui commodi cum voluptatibus consequatur perferendis vel. Sint corporis et consequuntur dolore pariatur earum. Sint at rerum ut cupiditate aut molestiae. Voluptates velit eveniet voluptatem omnis.',0,'2018-02-07 14:57:09','2018-02-07 14:57:09'),
	(19,23,'Emile Lang PhD','Qui officiis dolorum nihil nihil eaque quidem. In et sit non labore sit totam fugit voluptatem. Aut ad eligendi est qui officia. Quod quod nam numquam consequatur. Fugit iusto iusto suscipit explicabo exercitationem qui.',4,'2018-02-07 14:57:09','2018-02-07 14:57:09'),
	(20,27,'Scotty Ruecker I','Est sunt et nihil aspernatur architecto sunt voluptas. Repellendus accusamus dolorem cumque enim animi dolorum eveniet. Et non nostrum consequatur sit qui est. Quae rerum sit quia perferendis labore voluptatem.',2,'2018-02-07 14:57:09','2018-02-07 14:57:09'),
	(21,23,'Teresa DuBuque','Neque vero qui dolor. Unde rem voluptatibus nesciunt aut. Cupiditate maiores maxime magni aut eveniet.',1,'2018-02-07 14:57:09','2018-02-07 14:57:09'),
	(22,42,'Sherwood Heathcote III','Inventore ut soluta delectus corrupti ducimus voluptatibus. Quasi illum amet pariatur quia unde qui harum. Recusandae eos ad quod amet accusantium consequatur beatae.',1,'2018-02-07 14:57:09','2018-02-07 14:57:09'),
	(23,36,'Jarret Maggio DDS','Nulla nesciunt voluptatum minus et deserunt. Aut ab est et maiores. Ipsa similique non laborum.',5,'2018-02-07 14:57:09','2018-02-07 14:57:09'),
	(24,21,'Jaylan Doyle','Quod consequatur excepturi nostrum sit. Nemo voluptatem consequatur non ea adipisci iste. Dolores vel est quis.',0,'2018-02-07 14:57:09','2018-02-07 14:57:09'),
	(25,42,'Marge Fadel DVM','Rerum nemo minima dolor eveniet quod similique. Autem explicabo molestias repudiandae. Error qui et eius eos cumque. Et sit labore laboriosam rerum aut ad nemo.',4,'2018-02-07 14:57:09','2018-02-07 14:57:09'),
	(26,6,'Jerad Larson','Voluptatum vitae quasi tempora esse voluptatem neque numquam. Eos et quidem rerum dolorum. Excepturi accusamus velit porro repellat.',1,'2018-02-07 14:57:09','2018-02-07 14:57:09'),
	(27,26,'Lavern Huel','Voluptate minima est nisi saepe. Perspiciatis dolorem fuga rerum cum sed voluptas. Expedita similique sed reiciendis magnam ipsam.',5,'2018-02-07 14:57:09','2018-02-07 14:57:09'),
	(28,26,'Dixie Wiegand','Sapiente modi voluptas mollitia consequatur rerum maxime. Dolore odit vel saepe officia. Dolor qui perspiciatis est praesentium. Vero facilis perspiciatis asperiores unde accusamus laborum quaerat cumque.',5,'2018-02-07 14:57:09','2018-02-07 14:57:09'),
	(29,41,'Clemmie Baumbach','Qui soluta magni delectus quo voluptatum vitae. Fugiat cupiditate facere dolor. Accusantium sint qui laboriosam.',2,'2018-02-07 14:57:09','2018-02-07 14:57:09'),
	(30,46,'Mike Fritsch DVM','Omnis omnis illo ea. Explicabo dolore culpa eum ratione esse. Nihil fugit consequatur est sit qui corrupti est pariatur. Enim delectus placeat facilis dolores consequuntur voluptate maiores.',1,'2018-02-07 14:57:09','2018-02-07 14:57:09'),
	(31,44,'Sasha Hermann','Expedita eaque id tempora sed. Excepturi rerum quis quis quas reiciendis sequi illum. Autem veniam aliquid veritatis ex alias iure.',5,'2018-02-07 14:57:09','2018-02-07 14:57:09'),
	(32,31,'Oren Herman','Magni doloremque quo odio fugiat quia omnis nihil debitis. Maxime nesciunt quidem quasi excepturi libero voluptas. Exercitationem vel cumque consectetur autem laborum. Unde sed voluptatum hic et vero molestias repudiandae.',5,'2018-02-07 14:57:09','2018-02-07 14:57:09'),
	(33,48,'Miss Sasha Abbott','Iste qui ut qui odit. Iure maiores ex tempore eos aut rerum neque. Minima est qui quia. Voluptatem ratione similique commodi possimus a nam voluptatem. Quis rerum tenetur aut omnis ipsa necessitatibus et.',1,'2018-02-07 14:57:09','2018-02-07 14:57:09'),
	(34,35,'Rebekah Olson','Aut aliquid et molestiae delectus et qui impedit. Ipsam nulla aut unde omnis. Dolorum alias quaerat quidem vel. Tempora dicta enim rem vitae molestias ea.',3,'2018-02-07 14:57:09','2018-02-07 14:57:09'),
	(35,3,'Ms. Anissa Heathcote','Quo itaque officia debitis quibusdam et. Fugit odit illum aut ut tenetur. Quam aspernatur sunt eos est.',2,'2018-02-07 14:57:09','2018-02-07 14:57:09'),
	(36,2,'Allan Abbott','Molestiae praesentium et quae eum neque veniam officia. Perferendis voluptate dignissimos ullam sit quis deserunt. Itaque quae dolorem nostrum. Veniam voluptatem at et sit quasi.',2,'2018-02-07 14:57:09','2018-02-07 14:57:09'),
	(37,43,'Garret Schulist','Exercitationem itaque id enim possimus et rerum libero. Alias aspernatur deleniti eaque eos veritatis veritatis soluta. Fugiat molestias ducimus voluptatem accusamus aut et optio.',5,'2018-02-07 14:57:09','2018-02-07 14:57:09'),
	(38,41,'Cecil Hermann','Tempore adipisci modi dolorum doloribus mollitia in. Cum veritatis necessitatibus dolor ut perferendis. Repellendus ipsa aliquam ut aliquid unde.',5,'2018-02-07 14:57:09','2018-02-07 14:57:09'),
	(39,48,'Gisselle Schmitt','Quia molestias pariatur harum nisi ipsum eius nihil. Quasi est provident ipsam. Sed qui ducimus quo ab. Aperiam voluptatem et rerum.',5,'2018-02-07 14:57:09','2018-02-07 14:57:09'),
	(40,28,'Joesph Metz','Nesciunt eum dicta expedita exercitationem doloremque aut tempore corrupti. Explicabo consequuntur ipsam velit facere repellat fuga in. Sed distinctio alias iure sit modi.',1,'2018-02-07 14:57:09','2018-02-07 14:57:09'),
	(41,4,'Leatha Beer','Deserunt natus quos quia eligendi aut. Delectus praesentium vitae numquam iste omnis veniam et saepe. Autem rerum est reiciendis voluptatem facere ducimus. Quis odit numquam aut consequatur.',2,'2018-02-07 14:57:09','2018-02-07 14:57:09'),
	(42,8,'Lurline Schimmel','Pariatur esse quibusdam et. Qui voluptatem dolorem vero vel. Dignissimos animi molestiae itaque quasi iure dolores dolorem. Velit ipsum doloremque ut ipsum.',5,'2018-02-07 14:57:09','2018-02-07 14:57:09'),
	(43,3,'Franz Bernier','Dolores commodi ea officiis quis ea. Delectus itaque vero voluptas. Ea architecto maiores est nobis.',1,'2018-02-07 14:57:09','2018-02-07 14:57:09'),
	(44,30,'Lola Roberts','Est quas et aspernatur et ratione ipsa. Cum aspernatur similique velit. Qui quisquam facere distinctio tenetur quaerat.',4,'2018-02-07 14:57:09','2018-02-07 14:57:09'),
	(45,27,'Graham Cummings','Porro quia natus doloremque. Doloribus occaecati eum aut iste impedit. Eos laboriosam quia blanditiis et autem cum accusamus. Maxime sunt possimus dolor consequatur inventore.',5,'2018-02-07 14:57:09','2018-02-07 14:57:09'),
	(46,12,'Julian Fahey','Voluptatem maxime voluptatem reiciendis earum maiores saepe. Qui vitae aut pariatur quia ut dolores cumque. Recusandae vero numquam commodi possimus voluptatem quidem ea. Omnis iure voluptatem saepe amet voluptatum reiciendis.',2,'2018-02-07 14:57:09','2018-02-07 14:57:09'),
	(47,40,'Mr. Demarco Langworth III','Consequatur molestias et ea fuga. Qui nostrum asperiores ut. Eum minus et quidem dolorum harum et.',5,'2018-02-07 14:57:09','2018-02-07 14:57:09'),
	(48,39,'Mina Grimes','Autem omnis et consectetur sapiente facilis. Placeat commodi voluptate voluptas doloribus. Deleniti itaque molestiae placeat quos. Totam sed aut non labore.',2,'2018-02-07 14:57:09','2018-02-07 14:57:09'),
	(49,7,'Ms. Brandy Hoppe','Consequatur deserunt iure ex quidem. Vero quia et aut dolor dolorum consequuntur. Nesciunt reiciendis magnam aut nihil in adipisci consequuntur. Aut dolore aut qui voluptatum.',0,'2018-02-07 14:57:09','2018-02-07 14:57:09'),
	(50,12,'Prof. Summer Roob PhD','Officiis natus facilis earum officiis fugit error. Sunt voluptatem alias beatae odio. Debitis sunt voluptates accusantium inventore reiciendis assumenda. Consectetur esse provident est nostrum.',3,'2018-02-07 14:57:09','2018-02-07 14:57:09'),
	(51,44,'Quinten Osinski','Explicabo et culpa libero assumenda. Qui molestiae et dolorem ex. Ipsam labore repellendus fuga et magnam aspernatur.',3,'2018-02-07 14:57:09','2018-02-07 14:57:09'),
	(52,25,'Dr. Catherine Jakubowski','Aliquid alias ut error adipisci harum accusantium fugit. Tenetur est facere alias unde delectus. Quos eos nemo enim. Sed saepe occaecati quis dolores.',5,'2018-02-07 14:57:09','2018-02-07 14:57:09'),
	(53,14,'Berniece Gerhold','Voluptatem accusantium sed consequatur voluptatem. Voluptatibus minima nostrum doloribus. Dicta ipsum aperiam illo nam. Possimus accusamus eveniet nihil magni amet laboriosam.',2,'2018-02-07 14:57:09','2018-02-07 14:57:09'),
	(54,14,'Rosa Lynch','Eligendi qui earum qui sint nemo. Sunt incidunt qui ut voluptate incidunt. Cumque commodi autem modi ullam atque vero neque consectetur.',2,'2018-02-07 14:57:09','2018-02-07 14:57:09'),
	(55,32,'Prof. Bart Swaniawski','Eum fugiat quasi et est est. Molestias et reiciendis fuga consequatur. Sunt ut ipsam non vel.',3,'2018-02-07 14:57:09','2018-02-07 14:57:09'),
	(56,41,'Prof. Tamia Durgan','Voluptates necessitatibus voluptatem id cum rerum qui asperiores. Iure a sed est tenetur voluptas officia. Et ipsum saepe culpa et asperiores. Nam voluptatum sed fuga a molestias impedit omnis.',4,'2018-02-07 14:57:09','2018-02-07 14:57:09'),
	(57,22,'Loraine Welch','At quia et eveniet. Quam temporibus aut est molestias. Laudantium est nesciunt at qui quas.',2,'2018-02-07 14:57:09','2018-02-07 14:57:09'),
	(58,6,'Ludie Lynch Jr.','Magnam vel reprehenderit qui dolorum est fuga. Ducimus qui consectetur quibusdam quia vitae. Sit fugiat natus vel non quia quibusdam blanditiis accusamus. Officia eligendi mollitia deserunt quisquam.',4,'2018-02-07 14:57:09','2018-02-07 14:57:09'),
	(59,34,'Benjamin Nicolas','Iusto possimus a quis autem officiis. Adipisci aspernatur voluptate sed cum sapiente nobis molestiae. Blanditiis voluptate voluptatem rem fugiat non. Dicta soluta perspiciatis id expedita et.',2,'2018-02-07 14:57:09','2018-02-07 14:57:09'),
	(60,31,'Kristina Kreiger','Minima amet non quidem eos vel eum laudantium. Consequatur sit et doloribus quibusdam. Et voluptas quibusdam quaerat culpa ut eligendi ratione. Fugit deserunt modi sequi consequatur quis.',5,'2018-02-07 14:57:09','2018-02-07 14:57:09'),
	(61,20,'Mr. Deontae Aufderhar','Quisquam sunt sed velit quidem ut voluptatem. Dolor hic quos cumque quidem. Repellat facere at adipisci ipsa sunt repellendus. Doloremque fugiat laboriosam nesciunt cum consequatur quia. In repudiandae unde rerum provident illo odio.',3,'2018-02-07 14:57:09','2018-02-07 14:57:09'),
	(62,46,'Prof. Cale VonRueden','Molestiae magni assumenda sapiente non voluptas asperiores. Et et sed eum ipsam sit voluptatem saepe.',2,'2018-02-07 14:57:09','2018-02-07 14:57:09'),
	(63,22,'Emelie Bode Sr.','Labore fugiat dignissimos quia quo quos iste et. Recusandae ea vel cupiditate praesentium odio autem dolorem dignissimos. Beatae autem voluptatibus animi ab quas velit est minus.',4,'2018-02-07 14:57:09','2018-02-07 14:57:09'),
	(64,10,'Mrs. Noemy Graham V','Molestiae harum maxime voluptatem magnam deleniti sed. Rem rem aut sint voluptatem. Illo saepe ut culpa. Officia sint nam eum quam harum.',3,'2018-02-07 14:57:09','2018-02-07 14:57:09'),
	(65,29,'Lyda Brown','Consequatur est enim aut facilis neque. Quisquam eos id delectus expedita. Voluptate impedit cumque rerum. Qui aliquam praesentium soluta fugiat modi distinctio. Voluptate nulla quidem beatae minus doloribus aut fugit.',4,'2018-02-07 14:57:09','2018-02-07 14:57:09'),
	(66,4,'Dr. Eveline Ledner','Dolorem repudiandae inventore perspiciatis iusto. Veniam eveniet nostrum repellendus dolore quia doloremque. Sunt mollitia quas deleniti nostrum ea. Ipsam sapiente temporibus autem voluptatibus fuga qui.',2,'2018-02-07 14:57:09','2018-02-07 14:57:09'),
	(67,22,'Montana Reynolds Sr.','Deleniti neque iusto et quo cumque provident in. Inventore nobis explicabo quisquam voluptatem rem sed quas debitis. Voluptatibus culpa ea quo accusantium velit. Vero autem dolor autem.',0,'2018-02-07 14:57:09','2018-02-07 14:57:09'),
	(68,48,'Amaya Predovic V','Officiis et ipsum fugit qui et ut est harum. Praesentium labore ea voluptatibus quae quia impedit tenetur quia. Excepturi voluptatum iusto et. Sed nobis tenetur rerum quaerat. Explicabo aut ea id cum.',5,'2018-02-07 14:57:09','2018-02-07 14:57:09'),
	(69,5,'Ms. Marguerite Lynch','Quae odit rerum aliquam amet velit ut. Et consequatur sequi amet facilis nihil. Rerum doloremque nam in earum facilis ut voluptatem ab.',1,'2018-02-07 14:57:09','2018-02-07 14:57:09'),
	(70,19,'Allen Wuckert','Ullam laboriosam ut id consequatur veritatis quasi dolores. Voluptatum qui distinctio quo velit officia facere. Modi est sed consequatur saepe.',2,'2018-02-07 14:57:09','2018-02-07 14:57:09'),
	(71,19,'Miss Ally Dickinson','Aliquid doloribus ipsam voluptatum alias. Cupiditate iure cupiditate illo sed aspernatur. Voluptatem minus vitae corrupti hic et qui. Dignissimos neque aliquid ab distinctio sint et dicta.',5,'2018-02-07 14:57:09','2018-02-07 14:57:09'),
	(72,24,'Rozella Paucek','Vel doloribus animi omnis culpa nesciunt. Beatae provident aliquid laboriosam molestias. Et quod iusto minus ea. Aut veritatis consectetur qui rerum. Ut vero dolore repellat omnis optio cupiditate.',3,'2018-02-07 14:57:09','2018-02-07 14:57:09'),
	(73,36,'Odie Kozey','A tempora non aut voluptas. Impedit et et recusandae qui sed modi. Delectus nam et impedit itaque iusto porro nesciunt ea.',4,'2018-02-07 14:57:09','2018-02-07 14:57:09'),
	(74,40,'Jedidiah Paucek','Occaecati perferendis similique animi est porro. Blanditiis quasi soluta earum ut assumenda. Eius accusamus illo quae voluptatem omnis explicabo dolores.',3,'2018-02-07 14:57:09','2018-02-07 14:57:09'),
	(75,23,'Erica Kuhic','Unde voluptatibus iste quaerat dignissimos esse exercitationem. Earum quod dicta dignissimos. Qui voluptas nobis modi facilis hic. Modi non et sint accusamus necessitatibus est consequuntur.',2,'2018-02-07 14:57:09','2018-02-07 14:57:09'),
	(76,33,'Mrs. Anna Cummerata','Ut occaecati adipisci ut dicta earum ut. Ab omnis qui qui voluptatem voluptate. Ea in perferendis ipsam ea quos.',2,'2018-02-07 14:57:09','2018-02-07 14:57:09'),
	(77,3,'Christelle Mante','Pariatur iste sunt qui omnis adipisci. Ducimus ipsam consequuntur et reiciendis occaecati consectetur dolorum. Omnis et omnis est autem voluptatem voluptas.',5,'2018-02-07 14:57:09','2018-02-07 14:57:09'),
	(78,11,'Dr. Leanna Ledner','Et et amet non est eius exercitationem. Voluptatem dolores sit id sed aut velit asperiores. Adipisci numquam corrupti ut dolore.',3,'2018-02-07 14:57:09','2018-02-07 14:57:09'),
	(79,24,'Dr. Olaf Smitham','Consequatur nostrum sed perferendis sint consequatur pariatur. Provident voluptatum ducimus et. Sit corporis ratione nostrum voluptates maiores iusto id. Ex omnis quia consequuntur consequatur aliquam.',5,'2018-02-07 14:57:09','2018-02-07 14:57:09'),
	(80,27,'Kamryn Murray','Id quos culpa temporibus nisi quasi ea exercitationem quibusdam. Aspernatur cumque qui eligendi soluta excepturi voluptatem numquam. Ullam adipisci maiores reiciendis atque fuga commodi. Dolores quo nemo aut omnis omnis recusandae aut.',0,'2018-02-07 14:57:09','2018-02-07 14:57:09'),
	(81,20,'Roberto D\'Amore','Omnis rerum qui numquam eius eum. Quidem molestiae veniam unde tempore esse facilis sed deleniti. Earum sed quisquam quisquam.',3,'2018-02-07 14:57:09','2018-02-07 14:57:09'),
	(82,9,'Prof. Selmer Davis IV','Impedit reiciendis aut et quia fugiat dolores. Suscipit recusandae maiores amet. Ab aliquid est eum earum eius et aut.',5,'2018-02-07 14:57:09','2018-02-07 14:57:09'),
	(83,31,'Hector Macejkovic Sr.','Inventore quibusdam eos voluptatem. Consequatur laudantium quisquam quasi. At sed cum aperiam inventore corrupti praesentium. Cupiditate architecto aut veniam laborum.',3,'2018-02-07 14:57:09','2018-02-07 14:57:09'),
	(84,13,'Mrs. Haylie Haley','Est quia quos voluptatem consequuntur vel quidem. Rerum aut magni omnis aut iure nihil. Dolorem numquam quas aut a voluptas. Fuga vitae deleniti placeat ullam occaecati quis nobis.',3,'2018-02-07 14:57:09','2018-02-07 14:57:09'),
	(85,49,'Alphonso Zemlak','Praesentium aliquam ut voluptas. Totam sequi est facilis porro ratione. Inventore quo quia est enim reprehenderit modi et.',5,'2018-02-07 14:57:09','2018-02-07 14:57:09'),
	(86,47,'Ladarius Windler III','Id nihil impedit ad deleniti et. Natus cum blanditiis dolorum sint ea perferendis molestias. Voluptas est odio totam dicta. In in facere hic est dolore.',3,'2018-02-07 14:57:09','2018-02-07 14:57:09'),
	(87,6,'Derek Parisian','Ut maiores cumque voluptate repellendus. Incidunt vitae nostrum libero. Molestiae nemo necessitatibus inventore ea voluptates aut amet.',3,'2018-02-07 14:57:09','2018-02-07 14:57:09'),
	(88,6,'Marian Sauer','Sed accusamus nihil animi. Hic dolorem aut praesentium architecto illum.',2,'2018-02-07 14:57:09','2018-02-07 14:57:09'),
	(89,50,'Mr. Akeem Auer V','Quo est a fugit. Non molestiae est iste consectetur in necessitatibus. Nesciunt voluptatibus placeat voluptatem voluptatibus. Repellendus minima commodi recusandae consequatur ut aperiam dicta nemo. Quibusdam voluptatum quidem voluptatem culpa.',0,'2018-02-07 14:57:09','2018-02-07 14:57:09'),
	(90,14,'Dr. Deven Muller','Fugiat est asperiores ut omnis porro ex. Aut placeat numquam dolores praesentium aut ab. Consequatur omnis adipisci quis voluptas sapiente velit est.',5,'2018-02-07 14:57:09','2018-02-07 14:57:09'),
	(91,49,'Prof. Kyle Boyle DDS','Ea est fuga sit ut. Eum rerum totam voluptatem nihil eos. Quia soluta veritatis sint perferendis totam et aliquam. Eum voluptas qui eos voluptas porro impedit assumenda.',5,'2018-02-07 14:57:09','2018-02-07 14:57:09'),
	(92,34,'Stephany Hills','Mollitia explicabo temporibus temporibus sunt quos facilis. Nam qui dolorem voluptatum beatae ad voluptates necessitatibus. Architecto mollitia qui veniam vitae natus id.',5,'2018-02-07 14:57:09','2018-02-07 14:57:09'),
	(93,14,'Keanu Ledner I','Omnis consequatur fugit saepe qui architecto. Dicta placeat iure adipisci eaque. Eos eius perspiciatis ad est omnis. Blanditiis modi temporibus enim natus.',3,'2018-02-07 14:57:09','2018-02-07 14:57:09'),
	(94,19,'Marlin Runolfsson','Enim rerum harum qui itaque aliquam et. Nihil et corrupti similique. Est nobis accusamus blanditiis.',4,'2018-02-07 14:57:09','2018-02-07 14:57:09'),
	(95,10,'Alexis Hahn','Eius numquam ipsa quia est aut. Quae qui aut et eos blanditiis iste quia aut. Quis voluptatum autem minima ab velit.',2,'2018-02-07 14:57:09','2018-02-07 14:57:09'),
	(96,28,'Athena Schultz','Autem temporibus minima fugiat ipsam quam placeat temporibus quam. Autem sequi qui sed atque molestiae autem. Quibusdam excepturi deserunt numquam cumque mollitia ea voluptas in.',2,'2018-02-07 14:57:09','2018-02-07 14:57:09'),
	(97,46,'Mrs. Zelma Brakus','Suscipit consequatur at ex facilis provident sint et. Similique velit aperiam similique aut voluptas ullam ipsa. Consequatur molestiae animi eos incidunt aut eveniet magnam sunt. Sapiente perferendis iure distinctio.',2,'2018-02-07 14:57:09','2018-02-07 14:57:09'),
	(98,23,'Mrs. Deanna O\'Kon','Non aut eligendi ea ad. Ut consequatur nesciunt praesentium veniam. Magnam at laboriosam maiores hic sapiente sed quia dignissimos.',5,'2018-02-07 14:57:09','2018-02-07 14:57:09'),
	(99,42,'Delfina Lemke','Voluptatibus adipisci consequuntur consequatur. Eum architecto assumenda alias inventore. Temporibus et praesentium aliquid ut. Explicabo dolore enim numquam consequatur non.',1,'2018-02-07 14:57:09','2018-02-07 14:57:09'),
	(100,21,'Dr. Vernice Champlin Sr.','Veniam id architecto dignissimos voluptas. Sapiente at omnis voluptas excepturi in saepe. Omnis consectetur quasi praesentium in dignissimos. Deserunt veniam tempore dolorem nemo praesentium.',0,'2018-02-07 14:57:09','2018-02-07 14:57:09'),
	(101,29,'Mr. Leopold Okuneva','Autem neque illo est a. Libero officiis quos error aut in est tenetur. Libero atque fuga et laborum.',3,'2018-02-07 14:57:09','2018-02-07 14:57:09'),
	(102,36,'Fae Wiza','Quae omnis quisquam quia sit adipisci qui earum. Alias similique blanditiis sed modi nisi. Ut culpa eos ea aut ea commodi officia.',2,'2018-02-07 14:57:09','2018-02-07 14:57:09'),
	(103,44,'Beaulah Mitchell','Illum et et fuga est sunt ex laborum. Et possimus sint neque atque qui et. Sapiente commodi iste expedita eos eum. Ut voluptatibus dicta libero delectus tempore at voluptatum. Inventore ea voluptatem qui aperiam dicta non laborum.',1,'2018-02-07 14:57:09','2018-02-07 14:57:09'),
	(104,39,'Stewart Grady','Et consectetur sunt quia quidem omnis ab sit quae. Eos mollitia expedita perspiciatis illo. Dolor aspernatur ut quisquam aut consequuntur quia. Deserunt aspernatur quas voluptas.',4,'2018-02-07 14:57:09','2018-02-07 14:57:09'),
	(105,1,'Ms. Jennie Reichert IV','Aut nesciunt quos animi officia itaque quis. Autem quis sed eligendi aut expedita similique ipsum. Harum suscipit numquam qui qui fugit ullam sapiente. Blanditiis esse enim earum voluptatem. Harum asperiores ipsum suscipit quam.',0,'2018-02-07 14:57:09','2018-02-07 14:57:09'),
	(106,17,'Leila Sporer','Ullam fuga tempore dolorem sed velit suscipit id qui. Aliquid corporis explicabo voluptates temporibus veniam. Dolor facilis eos sequi consectetur. Deserunt fugiat quis nihil inventore hic quas voluptatem.',1,'2018-02-07 14:57:09','2018-02-07 14:57:09'),
	(107,48,'Miss Roma Lesch','Quod nobis et et nam praesentium voluptas. Aut eum id consequuntur ea. Sit labore laudantium et earum est eum hic.',3,'2018-02-07 14:57:09','2018-02-07 14:57:09'),
	(108,8,'Claudine Ward','Ut id id quis provident mollitia saepe. Ab molestias et doloribus vero repellat nemo sunt. Non minima quo ut corporis cumque voluptatum nihil. Odit omnis omnis voluptatibus occaecati sunt aperiam sit sint.',2,'2018-02-07 14:57:09','2018-02-07 14:57:09'),
	(109,25,'Dimitri Lemke','Nostrum odit sunt eligendi et. Exercitationem ut incidunt commodi commodi explicabo voluptas tempore. Sint enim dolores minima.',3,'2018-02-07 14:57:09','2018-02-07 14:57:09'),
	(110,4,'Prof. Kay Brown','Deserunt temporibus sunt voluptatem consequatur sint aperiam. Illo in eum incidunt dolorem voluptas. Ipsum aliquam nostrum consequatur magnam. Nesciunt est eligendi sit maiores optio laudantium beatae. Officia rem voluptas sapiente repudiandae non qui.',3,'2018-02-07 14:57:09','2018-02-07 14:57:09'),
	(111,41,'Elisa Bradtke PhD','Non autem eius in laudantium velit expedita laudantium explicabo. Reiciendis in modi dignissimos numquam. Et odio ut et. Ab earum aut consequatur nostrum dolorum.',0,'2018-02-07 14:57:09','2018-02-07 14:57:09'),
	(112,25,'Destiney Mante','Rerum cum sint error reiciendis dolorem ducimus. Enim quo saepe vitae eius. Vel incidunt incidunt enim eum quia modi. Tenetur beatae enim voluptatem iusto.',5,'2018-02-07 14:57:09','2018-02-07 14:57:09'),
	(113,16,'Leif Gaylord','Corrupti reiciendis laboriosam soluta magni ut modi vel. Aut qui aut error mollitia impedit reiciendis. Harum autem inventore fuga enim pariatur officiis sunt accusantium. Quam nihil sapiente doloribus officia asperiores.',4,'2018-02-07 14:57:09','2018-02-07 14:57:09'),
	(114,47,'Prof. Richmond Batz DVM','Quo consequuntur vitae facilis non molestiae omnis. Labore culpa eum commodi soluta. Eligendi asperiores nihil eius doloribus sit voluptas.',3,'2018-02-07 14:57:09','2018-02-07 14:57:09'),
	(115,37,'Mrs. Flavie Emard','Aut sequi animi eveniet. Possimus est voluptatem et et cum et autem. Alias nostrum at excepturi. Qui minima molestiae saepe quos.',3,'2018-02-07 14:57:09','2018-02-07 14:57:09'),
	(116,35,'Reba Powlowski','Iure laboriosam fugiat voluptatibus voluptatem consequatur. Voluptatem magnam officiis aliquid voluptatibus et. Nulla recusandae possimus eaque. Ut vel temporibus eum dolorum ducimus.',3,'2018-02-07 14:57:09','2018-02-07 14:57:09'),
	(117,39,'Tina Ziemann','Nisi eveniet aut voluptates voluptatem accusamus ducimus. Qui impedit cum voluptatibus quia nobis corrupti ipsam. Quos voluptatum ut dicta et tempore a rem rem. Ab architecto iure odio animi.',2,'2018-02-07 14:57:09','2018-02-07 14:57:09'),
	(118,31,'Ashlynn Ebert','Aut distinctio tempore ducimus praesentium et architecto accusantium. Asperiores quia qui architecto repellat ipsa. Ullam ex vel et exercitationem. Adipisci et tempore hic autem sed consequatur quis eos.',5,'2018-02-07 14:57:09','2018-02-07 14:57:09'),
	(119,17,'Nils Towne','Sint maiores enim omnis dolorem aut molestiae tempora. Eum voluptatum modi ut animi itaque quas est. Ipsum repellendus eveniet eaque illo laudantium velit id. Quam et ipsum libero voluptatem ipsam asperiores.',5,'2018-02-07 14:57:09','2018-02-07 14:57:09'),
	(120,48,'Dr. David Bauch DDS','Saepe delectus est sunt quasi eveniet ut aliquid non. Placeat tempore qui animi voluptas quod. Officiis aliquam laborum aliquam.',0,'2018-02-07 14:57:09','2018-02-07 14:57:09'),
	(121,44,'Prof. Gino Koss V','Sapiente non nesciunt sit omnis soluta ea qui sequi. Doloribus aspernatur corporis aspernatur qui vitae quasi. Dicta sit perspiciatis officia aut.',2,'2018-02-07 14:57:09','2018-02-07 14:57:09'),
	(122,1,'Madge Lakin III','Fuga dolorem voluptatum voluptatem voluptatem. Consequuntur corporis nemo officia corrupti suscipit earum quos. Rerum ut eveniet eveniet quaerat commodi nam. Voluptas omnis sed ea qui iure totam quia atque.',2,'2018-02-07 14:57:09','2018-02-07 14:57:09'),
	(123,36,'Noah Kassulke','Eum dolores non nam. Ipsum veniam eos eum. Quasi nisi delectus fuga minus quis quibusdam incidunt.',0,'2018-02-07 14:57:09','2018-02-07 14:57:09'),
	(124,29,'Prof. Lambert Bahringer IV','Impedit sed iure quia id illum et. Molestias cumque et atque laboriosam consequuntur illum et sunt. Est veritatis modi impedit fugit.',3,'2018-02-07 14:57:09','2018-02-07 14:57:09'),
	(125,9,'Ms. Vada Simonis Jr.','Neque ut id aliquid itaque. Et quis velit et autem harum libero ad sed. Quaerat aut labore odio et officiis. Nulla ducimus dolores possimus autem non harum natus velit.',4,'2018-02-07 14:57:09','2018-02-07 14:57:09'),
	(126,18,'Prof. Alicia Lynch V','Officiis tempora ab nostrum dolores nobis odit rem. Placeat quia quo accusamus harum. Est consectetur recusandae adipisci soluta odio quod dolorum. Qui tempore incidunt doloribus error ex.',0,'2018-02-07 14:57:09','2018-02-07 14:57:09'),
	(127,26,'Dr. Polly Schmeler Sr.','Accusantium id nisi sunt et id quasi sed. Sed blanditiis amet et sit. Vitae consequatur tempora laborum ut rerum et non ullam. Saepe in nesciunt omnis esse qui voluptatibus et ut.',3,'2018-02-07 14:57:09','2018-02-07 14:57:09'),
	(128,50,'Katheryn Bartoletti','Omnis consequatur nostrum expedita quos. Voluptas nemo laboriosam illo qui.',2,'2018-02-07 14:57:09','2018-02-07 14:57:09'),
	(129,18,'Aida Kassulke','Ipsa autem dolorum molestias dolor minima voluptatem magnam ipsam. Deserunt iste aut consequatur dolores labore laborum culpa. Tempora quia ut placeat a ipsa. Doloremque reiciendis ratione ipsa sed assumenda.',5,'2018-02-07 14:57:09','2018-02-07 14:57:09'),
	(130,31,'Oran Ullrich','Neque odit esse recusandae autem enim. Sint voluptas officia est odit consequuntur. Omnis et temporibus id at sed aut modi. Architecto inventore modi praesentium in sequi voluptatem doloremque. Sint debitis inventore rerum quis dolor.',0,'2018-02-07 14:57:09','2018-02-07 14:57:09'),
	(131,39,'Vivien Hirthe','Eum repellendus esse est id. Dolor in temporibus commodi enim dolorum ut dolor. Error est velit dolorum non sit quas ducimus.',5,'2018-02-07 14:57:09','2018-02-07 14:57:09'),
	(132,11,'Durward Howell','Aut ab magni beatae laudantium. Minima facilis sed voluptas qui. Dolore dicta id dicta est sed iste rem.',1,'2018-02-07 14:57:09','2018-02-07 14:57:09'),
	(133,49,'Lizeth Grant','Provident et eligendi praesentium placeat est vel et placeat. Nisi omnis maxime cum possimus sit. Cum exercitationem iste laborum et. Quaerat quod dicta aut nisi cum.',1,'2018-02-07 14:57:09','2018-02-07 14:57:09'),
	(134,25,'Kenny Maggio','Illum sed nam ea eligendi. Delectus cum et vel voluptatem sint odit id reiciendis. Et ut delectus ut reprehenderit quis voluptates. Reiciendis dolorem ducimus voluptatum distinctio harum at.',5,'2018-02-07 14:57:09','2018-02-07 14:57:09'),
	(135,19,'Dayne Hills','Nisi officiis quos incidunt possimus nesciunt quidem. Natus distinctio quas quod eius. Quo magni ratione exercitationem omnis numquam ea.',4,'2018-02-07 14:57:09','2018-02-07 14:57:09'),
	(136,46,'Miss Emma Kerluke','Nobis consequatur minus sint voluptatum recusandae qui quis. Ipsum officia et ratione quis nemo qui. Earum aut perspiciatis dolorem minima quo. Vero cumque quia dolores unde dolore iusto.',2,'2018-02-07 14:57:09','2018-02-07 14:57:09'),
	(137,25,'Shad Medhurst','Aliquam quo molestiae vel aut ut rem animi. Id voluptatem excepturi expedita id aperiam. Molestiae incidunt quasi nihil est unde earum sed suscipit. Reiciendis optio qui non aut et illo tenetur. Et ipsa fugiat dolorem nostrum quis nobis ad.',4,'2018-02-07 14:57:09','2018-02-07 14:57:09'),
	(138,20,'Timothy Johnston','Impedit vitae eaque enim blanditiis excepturi. Aut ratione eum aspernatur voluptatem. Exercitationem autem ut nesciunt nihil ducimus.',0,'2018-02-07 14:57:09','2018-02-07 14:57:09'),
	(139,13,'Norene Feil','Pariatur ad id maiores vitae repudiandae et. Sequi harum nemo sit voluptas harum ex. Qui eos animi repellat est consequatur aspernatur rerum.',0,'2018-02-07 14:57:09','2018-02-07 14:57:09'),
	(140,2,'Eudora O\'Hara','Aut accusantium commodi delectus vel mollitia recusandae. Adipisci quae eligendi vel aut. Pariatur odio molestiae et quia. At ullam aut ea.',3,'2018-02-07 14:57:09','2018-02-07 14:57:09'),
	(141,49,'Sylvan Predovic','Vitae ut adipisci repellendus. Dolor consectetur et occaecati provident. Tenetur qui qui officia tenetur. Repellat omnis qui quasi odit qui sint sit ad.',4,'2018-02-07 14:57:09','2018-02-07 14:57:09'),
	(142,36,'Hayden Upton','Omnis animi sint quis necessitatibus totam qui qui. Quia quos aut voluptatem ducimus. Ipsa tempore sit aut occaecati eius aut cumque. Culpa quaerat expedita quia excepturi cum quo enim.',4,'2018-02-07 14:57:09','2018-02-07 14:57:09'),
	(143,48,'Mrs. Aimee Dibbert Jr.','Saepe dolores dolor veritatis dolor. Ut autem accusantium deserunt veritatis velit excepturi. Labore expedita optio aliquam laudantium.',4,'2018-02-07 14:57:09','2018-02-07 14:57:09'),
	(144,1,'Prof. Shawn VonRueden','Modi accusantium quasi veritatis. Neque consequatur dicta rerum quae molestiae. Optio itaque voluptas quia distinctio quaerat dolore.',1,'2018-02-07 14:57:09','2018-02-07 14:57:09'),
	(145,31,'Mr. Trever Daniel','Non quae non quasi qui dolorem voluptatem. Ut dolor sapiente dolorem vel quia. Sint porro nobis enim nam nesciunt necessitatibus et. Quia dolorem iure aspernatur sint quia veritatis.',3,'2018-02-07 14:57:09','2018-02-07 14:57:09'),
	(146,49,'Sibyl Schmeler','Qui pariatur minus a dolorem voluptatem voluptatum. Inventore ut officiis voluptatum velit voluptatem. Aut omnis ut vel ipsum sit aut. Quia fugiat fuga ut laboriosam maxime et eveniet.',4,'2018-02-07 14:57:09','2018-02-07 14:57:09'),
	(147,22,'Edna Trantow','Minima nesciunt aperiam vel sed. Consequatur nulla dolorum ipsa cum dolore labore. Est assumenda placeat et et eum quia. Rerum fugiat maxime veritatis in tempora.',0,'2018-02-07 14:57:09','2018-02-07 14:57:09'),
	(148,40,'Aylin Hilpert','Quaerat est minima numquam dolore molestiae nam excepturi. Cum incidunt enim animi non nostrum.',1,'2018-02-07 14:57:09','2018-02-07 14:57:09'),
	(149,22,'Garrison Stark','Ut et sunt consequatur dolorem asperiores beatae delectus. Ut aspernatur asperiores et architecto alias recusandae nobis saepe. Rerum non voluptas laudantium alias dolorem voluptatem aspernatur. Eos quod sint qui aut quod officiis.',2,'2018-02-07 14:57:09','2018-02-07 14:57:09'),
	(150,43,'Glenda Bechtelar','Rerum officiis ex temporibus. Consectetur adipisci cum ut voluptate omnis. Recusandae amet atque magnam laudantium autem tempora.',5,'2018-02-07 14:57:09','2018-02-07 14:57:09'),
	(151,34,'Ms. Sierra Wintheiser','Molestiae laborum consequatur non excepturi ut qui cum. Provident dolores occaecati eos dicta possimus possimus alias autem. Nulla iusto id et voluptates hic deserunt sunt. Doloribus architecto sunt harum pariatur vel. Et voluptatem molestiae aliquam et.',4,'2018-02-07 14:57:09','2018-02-07 14:57:09'),
	(152,20,'Sven Parker','Dolorum ut minus amet quia modi atque blanditiis. Vel animi quasi et accusantium possimus et quo. Id suscipit dolorum nemo quos sapiente. Nihil voluptas id sit cum omnis et nostrum et.',0,'2018-02-07 14:57:09','2018-02-07 14:57:09'),
	(153,15,'Dayna Gutkowski','Incidunt non culpa in autem est dolor dolores. Et ut maiores error dolorum. Et voluptas maiores vel voluptates aliquam eos itaque.',2,'2018-02-07 14:57:09','2018-02-07 14:57:09'),
	(154,31,'Cassandre Spinka','Velit distinctio placeat odio rerum. Reprehenderit incidunt est nobis autem voluptatum. Qui non facilis nisi ut omnis error magnam.',5,'2018-02-07 14:57:09','2018-02-07 14:57:09'),
	(155,48,'Dr. Franz Dietrich III','Et laudantium qui molestiae. Neque autem nobis quo et. Qui sint maxime quia enim facilis culpa debitis.',1,'2018-02-07 14:57:09','2018-02-07 14:57:09'),
	(156,4,'Brandyn Cruickshank III','Sit illum omnis consequatur nostrum velit nostrum officia. Consequatur eaque dolore et qui nam sint. Fuga animi quaerat non beatae aut labore.',2,'2018-02-07 14:57:09','2018-02-07 14:57:09'),
	(157,11,'Tristian Schinner','Odio blanditiis quam ut. Illum fuga quo voluptatibus sed sed et ullam. Hic porro dolores rem et quis dolorem eius. Iusto alias cumque vero.',2,'2018-02-07 14:57:09','2018-02-07 14:57:09'),
	(158,25,'Ottis Rath','Et ducimus quod molestiae corporis. Porro dolores suscipit deserunt. Sint nobis praesentium alias similique ut reprehenderit reprehenderit. Et at explicabo illo molestiae nihil cumque. Qui animi ut placeat porro rerum provident.',0,'2018-02-07 14:57:09','2018-02-07 14:57:09'),
	(159,31,'Austyn Sanford','Ad velit vero molestias et dolorem quia. Et quaerat aperiam esse aut voluptate ipsa ex sed. Inventore autem excepturi saepe corporis consequatur. Eius voluptatem ipsam consectetur dolores.',0,'2018-02-07 14:57:09','2018-02-07 14:57:09'),
	(160,26,'Prof. Tevin Donnelly','Consequatur et eius enim eveniet tempore fugit consequatur. Eaque qui aliquid et adipisci. Veniam laboriosam id qui eos sunt. Sit quaerat in harum nemo enim consequatur vel.',3,'2018-02-07 14:57:09','2018-02-07 14:57:09'),
	(161,24,'Roselyn Orn','Vel dicta adipisci blanditiis ratione aut iusto voluptatem. Voluptatem qui enim qui rerum molestiae. Qui nihil dolorem eveniet voluptatem.',4,'2018-02-07 14:57:09','2018-02-07 14:57:09'),
	(162,29,'Prof. Efren Parker','Ut alias voluptates aut rem blanditiis. Reiciendis enim dolores aut vel rem nulla ullam. Quia fugit voluptas officiis ea sed rerum. Omnis doloribus necessitatibus adipisci dolores.',4,'2018-02-07 14:57:09','2018-02-07 14:57:09'),
	(163,1,'Josie Ondricka','Laborum labore ipsam dolorem quidem asperiores. Molestiae tempora magnam omnis quia molestiae velit eum. Quidem dolorem ut corrupti ut est unde.',2,'2018-02-07 14:57:09','2018-02-07 14:57:09'),
	(164,48,'Rhett Shanahan','Beatae enim quo iusto. Maiores quo quam natus ad deserunt libero qui dolorem. Sed qui laborum quibusdam. Officia doloremque non laborum voluptatem ut veritatis pariatur.',5,'2018-02-07 14:57:09','2018-02-07 14:57:09'),
	(165,23,'Cynthia Howe PhD','Omnis odio exercitationem dolores sequi magni voluptatum et. Modi porro molestias occaecati velit minus praesentium alias inventore. Ab recusandae commodi et aut facere. Et et mollitia voluptate sit. Et maxime cupiditate aut reiciendis nihil.',5,'2018-02-07 14:57:09','2018-02-07 14:57:09'),
	(166,47,'Zachery Okuneva','Quia omnis cum quo. Sint qui nam voluptas. Qui ipsam omnis reprehenderit unde tempora enim dolor. Ut corrupti et in expedita laborum deleniti.',5,'2018-02-07 14:57:09','2018-02-07 14:57:09'),
	(167,31,'Liam Fritsch','Sit cum odio voluptatem et. Sed eveniet soluta a sed. Soluta et cumque est repellendus ut et. Est ut voluptatem ad aut quos iusto. Velit expedita qui totam repellat et et.',4,'2018-02-07 14:57:09','2018-02-07 14:57:09'),
	(168,27,'Ms. Stella Nader','Necessitatibus qui ducimus eum dolore suscipit. Placeat harum ut enim nihil numquam. Debitis velit itaque incidunt blanditiis atque sint.',0,'2018-02-07 14:57:09','2018-02-07 14:57:09'),
	(169,7,'Karson Satterfield','Quia non quia hic at aliquid ut nemo autem. Ut vero velit quibusdam rerum rerum numquam occaecati.',5,'2018-02-07 14:57:09','2018-02-07 14:57:09'),
	(170,6,'Prof. Carlos Gutmann I','Et soluta harum cupiditate ipsum asperiores officiis dolores. Voluptates eveniet quia ad. Commodi cumque sunt possimus laborum quis. Est voluptatem dolores ut.',4,'2018-02-07 14:57:09','2018-02-07 14:57:09'),
	(171,27,'Adonis Rosenbaum','Dolore ut aut eos quidem. Aliquid excepturi doloremque aliquam deserunt repudiandae tempore enim ut. Ullam esse quis praesentium.',4,'2018-02-07 14:57:09','2018-02-07 14:57:09'),
	(172,25,'Dr. Glenda Klocko','Modi et magnam fugiat. Aperiam unde nobis facilis dolorem. Consequatur numquam veritatis quos quis. Ut sed molestiae placeat.',4,'2018-02-07 14:57:09','2018-02-07 14:57:09'),
	(173,19,'Prof. Laron Shanahan','Pariatur quia maxime aliquid blanditiis. Mollitia qui eum impedit autem. Numquam natus a sint eos ad aliquam aut. Ut quo voluptate itaque ipsa autem in veniam.',2,'2018-02-07 14:57:09','2018-02-07 14:57:09'),
	(174,27,'Steve Parisian','Nostrum dolor perferendis qui sunt. Temporibus nihil quo neque temporibus magnam ad vel. Non voluptas alias eius iure et similique qui. Voluptatem soluta debitis aut sed.',4,'2018-02-07 14:57:09','2018-02-07 14:57:09'),
	(175,26,'Ms. Melody Heaney','Id laboriosam sed reiciendis quod. Qui earum consequatur perferendis veniam sed. Atque alias ex et et nemo molestiae sunt velit. Fuga et ad labore mollitia.',1,'2018-02-07 14:57:09','2018-02-07 14:57:09'),
	(176,1,'Coy Schiller','Labore dolore aut sint aliquid. Aliquid cumque deserunt labore.',4,'2018-02-07 14:57:09','2018-02-07 14:57:09'),
	(177,4,'Garrick Borer Jr.','Et beatae voluptas corporis quasi libero. Quos sit et pariatur saepe nam aut. In omnis sint tempore ratione. Odio quia voluptates tempore iste.',1,'2018-02-07 14:57:09','2018-02-07 14:57:09'),
	(178,50,'Carolanne Steuber','Amet officiis ea ratione nisi. Velit officia inventore quia.',1,'2018-02-07 14:57:09','2018-02-07 14:57:09'),
	(179,9,'Alf Ziemann','In est amet minus qui dolorem est. Quisquam debitis ex quia quia sit. Est voluptas eveniet ut.',1,'2018-02-07 14:57:09','2018-02-07 14:57:09'),
	(180,41,'Ryley Feeney','Necessitatibus quia et rerum harum et saepe. Alias nobis neque voluptatem laudantium sed.',4,'2018-02-07 14:57:09','2018-02-07 14:57:09'),
	(181,15,'Naomi Boyle','Molestiae ut voluptas amet sequi et. Qui illo ea quasi neque. Expedita quaerat sint quia quibusdam.',5,'2018-02-07 14:57:09','2018-02-07 14:57:09'),
	(182,22,'Forest Kassulke','Praesentium sed optio natus. Deserunt nostrum voluptate saepe quas est sequi.',2,'2018-02-07 14:57:09','2018-02-07 14:57:09'),
	(183,14,'Dr. Peter Grant','Doloribus expedita consequatur voluptatum quisquam et amet. Ipsum harum ducimus dolorum sequi culpa. Rerum maxime magnam atque laboriosam. Sunt cumque ea sapiente officia consequatur. Enim et aut repudiandae maxime.',3,'2018-02-07 14:57:09','2018-02-07 14:57:09'),
	(184,6,'Mrs. Christelle Langworth V','Omnis corrupti ducimus ipsum ut. Ab aut et velit totam. Et consequuntur aliquam sapiente ipsum laboriosam quia vel.',0,'2018-02-07 14:57:09','2018-02-07 14:57:09'),
	(185,17,'Dr. Caroline Klocko','Laborum qui dolor non labore qui accusamus neque qui. Vero aliquid modi ab saepe autem. Ipsum iure at sint placeat magni numquam hic.',2,'2018-02-07 14:57:09','2018-02-07 14:57:09'),
	(186,22,'Abbie Koelpin','Aut non facere quia. Aut suscipit aut omnis magnam et totam voluptas pariatur. Voluptatem hic non mollitia ipsa.',5,'2018-02-07 14:57:09','2018-02-07 14:57:09'),
	(187,30,'Trinity Schmitt','Ut quo temporibus et veritatis ipsa illo officia consequuntur. Ducimus in quibusdam voluptatem ut molestias unde debitis. Est quas iste atque et omnis sunt sed.',5,'2018-02-07 14:57:09','2018-02-07 14:57:09'),
	(188,7,'Prof. Abigayle Skiles III','Qui amet aut sunt sit placeat consequatur optio animi. Incidunt possimus molestiae asperiores veniam. Est perferendis et magni explicabo ratione ad voluptates. Et ut aliquid est modi assumenda.',3,'2018-02-07 14:57:09','2018-02-07 14:57:09'),
	(189,39,'Kip Rutherford','Dolorem doloremque quia molestiae accusamus quia est et. Repudiandae est laboriosam inventore dolores. Optio explicabo corrupti ipsam vitae earum aut qui amet.',0,'2018-02-07 14:57:09','2018-02-07 14:57:09'),
	(190,26,'Brant Okuneva III','Ex delectus quibusdam unde molestiae ducimus ratione. Qui labore unde sunt sed quis. Saepe ut repellat eum vero sit quia et. Qui harum eius impedit quae ea et.',2,'2018-02-07 14:57:09','2018-02-07 14:57:09'),
	(191,15,'Josiane Kihn','Cumque facere officia officia aut. Sunt enim explicabo vero mollitia. Et aut voluptatem voluptas et impedit minus. Rerum inventore dicta ratione non.',1,'2018-02-07 14:57:09','2018-02-07 14:57:09'),
	(192,8,'Myrtle Schuster DDS','Amet quasi qui adipisci incidunt perspiciatis sapiente amet. Consequatur suscipit consequatur possimus nulla voluptas dolores ut. Laudantium sit accusamus quam.',3,'2018-02-07 14:57:09','2018-02-07 14:57:09'),
	(193,27,'Prof. Cydney Leffler','Fuga dolore occaecati in similique. Dolor aliquam minima repellat et. Et esse nihil non. Neque dolore harum ex ipsam quia velit.',1,'2018-02-07 14:57:09','2018-02-07 14:57:09'),
	(194,8,'Orie Christiansen','Quisquam id voluptatem in. Autem quisquam nostrum sint iure aut eligendi adipisci. Quod est eos sit dolorem sit unde.',4,'2018-02-07 14:57:09','2018-02-07 14:57:09'),
	(195,2,'Prof. Kennith Block Sr.','Et consequatur molestias et voluptatibus ex nam et. Optio aut sed vel beatae. Rem totam quia magnam non. Asperiores et consequatur accusamus eos aliquid aliquid odio. Voluptatibus impedit ut et.',5,'2018-02-07 14:57:09','2018-02-07 14:57:09'),
	(196,9,'Grady Prosacco','Ex cum qui cum ducimus aut consequuntur aperiam tempore. Sed ipsum soluta dicta veritatis ut. Ipsa dolorum veritatis fugit et autem soluta.',1,'2018-02-07 14:57:09','2018-02-07 14:57:09'),
	(197,20,'Dr. Jayden Pollich IV','Eveniet voluptas ducimus eligendi itaque. Officia aspernatur rerum aut animi voluptatem aut sit. Aut vel sint omnis neque nostrum velit.',2,'2018-02-07 14:57:09','2018-02-07 14:57:09'),
	(198,3,'Sincere Jast','Nihil quibusdam cumque recusandae sit aut. Omnis cumque incidunt expedita nam illo a beatae. Delectus rerum iste molestiae ipsam ipsam id. Nisi commodi maxime amet rem minus.',1,'2018-02-07 14:57:09','2018-02-07 14:57:09'),
	(199,15,'Pasquale Ryan','Omnis eveniet omnis impedit ad quos sed amet perspiciatis. Eos officia rerum omnis sint perspiciatis ea. Numquam ad ad ut odio reiciendis cupiditate exercitationem.',0,'2018-02-07 14:57:09','2018-02-07 14:57:09'),
	(200,50,'Stevie Adams Jr.','Aut magni vero sequi nam enim commodi voluptas. Magnam magni nulla distinctio. Quisquam nihil eius est non.',0,'2018-02-07 14:57:09','2018-02-07 14:57:09'),
	(201,18,'Mrs. Rhianna Swift PhD','Nemo nesciunt tenetur quia velit ratione consequuntur neque ut. Quis et quaerat eum sed ea nesciunt. Totam reiciendis sit quod cumque dolor voluptatem sed. Esse consectetur architecto quas.',3,'2018-02-07 14:57:09','2018-02-07 14:57:09'),
	(202,31,'Lillie Bartoletti','Et ea voluptatibus blanditiis autem necessitatibus dicta. Repellat quas dolore nemo quaerat corrupti est qui. Dolor autem esse neque tempore sint minima soluta.',4,'2018-02-07 14:57:09','2018-02-07 14:57:09'),
	(203,26,'Prof. Leonor Gusikowski MD','Dolorem ipsam ut eaque corrupti dolor est debitis. Nihil sit officia quo eum nam veniam ea. Vel harum ratione ut aut.',0,'2018-02-07 14:57:09','2018-02-07 14:57:09'),
	(204,48,'Andreane Harris','Minus cumque quis sed incidunt provident. Maiores laborum dignissimos vitae aut quasi quo. Commodi reprehenderit ex alias provident.',5,'2018-02-07 14:57:09','2018-02-07 14:57:09'),
	(205,1,'Gladys Raynor IV','Nesciunt voluptatum aut ex rem iste est rerum. Laudantium consequatur praesentium delectus. Ut deleniti voluptatem velit harum rerum. Et vero aut perferendis quod sit. Ut delectus optio id recusandae illum illum.',4,'2018-02-07 14:57:09','2018-02-07 14:57:09'),
	(206,21,'Craig Stokes I','Quis nostrum ea natus quo. Ullam fugiat officiis est necessitatibus. Aut amet fugiat sapiente sit ad laudantium.',3,'2018-02-07 14:57:09','2018-02-07 14:57:09'),
	(207,31,'Anita Kreiger','Dolorem ipsa magni nobis nisi. Et corrupti sit ea quidem dolores. Dolor rerum et aut error officiis earum.',5,'2018-02-07 14:57:09','2018-02-07 14:57:09'),
	(208,20,'Emilie Funk','Dolorem eveniet pariatur voluptatem doloribus eligendi. Similique veniam magnam quae quaerat qui veniam aperiam labore. Et et odit nulla reprehenderit non. Corporis corrupti quas sit sint iure et fuga.',2,'2018-02-07 14:57:09','2018-02-07 14:57:09'),
	(209,3,'Darryl Runte PhD','Officiis ab accusantium animi architecto iure doloribus. Consequatur animi perferendis est pariatur velit ratione iure odio. Cupiditate sint optio nostrum impedit. Sunt quasi distinctio debitis debitis quis necessitatibus necessitatibus.',1,'2018-02-07 14:57:09','2018-02-07 14:57:09'),
	(210,42,'Kyla Skiles','Corporis non suscipit qui odit omnis deleniti et quae. Et assumenda est est explicabo magni illum. Eos laborum aut autem eius qui earum sint. Fugiat repudiandae accusantium dolore similique eius sint.',2,'2018-02-07 14:57:09','2018-02-07 14:57:09'),
	(211,42,'Sister Leannon','Qui aut delectus qui ipsam. Ipsam et consequuntur sint voluptas odit. Non consectetur quisquam non facilis. Aperiam non doloremque fuga qui eum.',1,'2018-02-07 14:57:09','2018-02-07 14:57:09'),
	(212,30,'Vada Zieme','Nam necessitatibus sit libero natus. Tempore ducimus odit maxime sunt. Magni voluptas omnis ab voluptas qui neque aut inventore.',0,'2018-02-07 14:57:09','2018-02-07 14:57:09'),
	(213,30,'Danika Mraz','Maiores explicabo ex molestias. Animi atque autem velit cum natus. Assumenda veritatis nobis repellat illum vel iure.',0,'2018-02-07 14:57:09','2018-02-07 14:57:09'),
	(214,10,'Emmy Rice','Id quia minima tenetur est tempore minus aliquid quas. Voluptas exercitationem eum omnis. Quo ex impedit vel iusto. Aut rerum occaecati blanditiis.',1,'2018-02-07 14:57:09','2018-02-07 14:57:09'),
	(215,17,'Vivien Cormier','Nihil eos excepturi ratione facere hic vitae error. Dolores eos beatae at non deleniti. At autem sunt repellat nisi veniam expedita doloribus iusto. Pariatur qui ut qui.',3,'2018-02-07 14:57:09','2018-02-07 14:57:09'),
	(216,27,'Cayla Bogisich DDS','Eveniet fugit et quos suscipit qui tempore totam. Non voluptas aut dignissimos ipsa ducimus quia. Id dignissimos hic cum blanditiis excepturi veritatis accusantium.',0,'2018-02-07 14:57:09','2018-02-07 14:57:09'),
	(217,9,'Willie Kovacek','Quibusdam facere expedita esse tempora sunt quibusdam. Consectetur vitae nemo ducimus deleniti. Saepe quia tenetur tempora voluptatibus alias. Laudantium quam facere dolorem doloribus velit quod.',2,'2018-02-07 14:57:09','2018-02-07 14:57:09'),
	(218,48,'Noble Fahey','Sint mollitia expedita autem. Vel minus eos vitae non aut blanditiis. Et nihil a ipsa dolorem molestiae quos. Provident iure placeat nostrum.',1,'2018-02-07 14:57:09','2018-02-07 14:57:09'),
	(219,20,'Krista Satterfield','Est pariatur rem aspernatur est sed voluptate totam. Quas odio qui error rem velit quo occaecati vel. Repellendus beatae mollitia ullam quia minima consectetur. Sed provident quas nobis est temporibus perferendis laudantium. Asperiores quo non corporis esse numquam odit est.',3,'2018-02-07 14:57:09','2018-02-07 14:57:09'),
	(220,43,'Dwight Sanford','Corporis harum recusandae atque aut qui. Dolores esse dignissimos a tempora ut nostrum pariatur consequuntur. Sint aut repudiandae quibusdam adipisci ipsa optio.',4,'2018-02-07 14:57:09','2018-02-07 14:57:09'),
	(221,42,'Catalina Prosacco','Aliquid illo dolor facere aut minima est vero. Delectus est consequatur at dolorum atque consequatur corrupti. Facilis illo blanditiis animi vel aspernatur iure voluptatem in. Et animi est et quo incidunt.',0,'2018-02-07 14:57:09','2018-02-07 14:57:09'),
	(222,12,'Mrs. Adrienne Bayer DDS','Repellat eum voluptas repellendus ut. Voluptas explicabo ea unde velit. Alias expedita qui sed ipsa quas placeat velit. Enim temporibus iure harum dignissimos perferendis placeat.',2,'2018-02-07 14:57:09','2018-02-07 14:57:09'),
	(223,5,'Everardo Ferry I','Aliquid unde in libero dolores dolore. Repudiandae sit dolorem quod aut aliquam. Labore corporis hic aut veniam maxime.',1,'2018-02-07 14:57:09','2018-02-07 14:57:09'),
	(224,25,'Miss Maude Sanford','Aut mollitia aut voluptas dolores earum repellat. Hic quidem sequi porro dolor sit fugit repudiandae. Nemo quam quam odit maiores molestiae. Ut voluptatem molestiae qui et.',0,'2018-02-07 14:57:09','2018-02-07 14:57:09'),
	(225,17,'Miss Jaquelin Vandervort DVM','Aut est odit velit est placeat accusantium blanditiis. Animi repellendus sit ab incidunt voluptatem. Voluptate rem qui suscipit rerum velit. Cupiditate ut deserunt dolores voluptates nulla nobis fuga.',0,'2018-02-07 14:57:09','2018-02-07 14:57:09'),
	(226,46,'Winnifred Mertz','Ut corporis eum est enim praesentium porro. Quod eum nihil molestiae quos. Autem necessitatibus temporibus blanditiis consequatur et dolorum.',0,'2018-02-07 14:57:09','2018-02-07 14:57:09'),
	(227,42,'Antwan Nolan','Cupiditate velit omnis modi. Iste adipisci ut maiores voluptatem saepe at. Voluptatem tempora non aliquid quas minima repellendus consequatur.',3,'2018-02-07 14:57:09','2018-02-07 14:57:09'),
	(228,43,'Thora Schoen DVM','Impedit voluptatem omnis optio omnis repellat. Et et impedit optio nesciunt quibusdam blanditiis culpa optio. Doloribus vel recusandae molestiae dolorem necessitatibus illum voluptate et.',4,'2018-02-07 14:57:09','2018-02-07 14:57:09'),
	(229,45,'Rose Waters','Est et occaecati aperiam sint. Consequatur hic porro aut at sapiente. Quae qui cum unde.',2,'2018-02-07 14:57:09','2018-02-07 14:57:09'),
	(230,38,'Dr. Timothy Zemlak DDS','Est optio saepe modi sunt ducimus repellat. Esse quisquam eum occaecati et quo. Quia id ut vero reiciendis nobis sint magni. Et qui eius provident qui eos.',3,'2018-02-07 14:57:09','2018-02-07 14:57:09'),
	(231,38,'Camylle Rau','Mollitia exercitationem quas enim sunt. Culpa temporibus enim odit ut voluptatem veniam excepturi. Delectus nemo qui doloremque.',0,'2018-02-07 14:57:09','2018-02-07 14:57:09'),
	(232,7,'Dr. Devyn Moore DVM','Asperiores nisi ut cupiditate recusandae. Cum enim aperiam quo reprehenderit ipsam. Laborum quasi dolor debitis corporis.',0,'2018-02-07 14:57:09','2018-02-07 14:57:09'),
	(233,10,'Vivianne Flatley','Ut sit esse doloribus et nobis accusamus ea. Corrupti voluptas voluptatem et soluta illo est perspiciatis aut. Ipsa sit iure enim dolores earum tempore inventore.',5,'2018-02-07 14:57:09','2018-02-07 14:57:09'),
	(234,45,'Jacinthe Klocko','Rerum et consequatur sit. Laboriosam sunt nostrum non aliquid dicta sequi ratione. Itaque aut modi quidem nisi temporibus temporibus. Sed delectus quam sint fuga molestiae qui occaecati.',1,'2018-02-07 14:57:09','2018-02-07 14:57:09'),
	(235,19,'Ms. Alexandrine Hermann Sr.','Eligendi occaecati ut ipsam natus. Exercitationem sunt ipsam ad aut esse et. Tempore vel mollitia minus unde fuga consequuntur omnis.',2,'2018-02-07 14:57:09','2018-02-07 14:57:09'),
	(236,25,'Josiah Legros','Iusto ipsam soluta pariatur numquam. Suscipit accusantium sunt sed sunt. Dolores fuga sint est commodi sit.',5,'2018-02-07 14:57:09','2018-02-07 14:57:09'),
	(237,7,'Eladio Mueller','Est nemo veritatis qui. Ut beatae laborum deleniti eum deserunt omnis et omnis.',1,'2018-02-07 14:57:09','2018-02-07 14:57:09'),
	(238,48,'Lemuel Nienow','Commodi temporibus sit voluptas error voluptas ut. Cupiditate quia voluptates vel nihil vero. Consectetur fugiat cum ut at libero id rerum provident.',2,'2018-02-07 14:57:09','2018-02-07 14:57:09'),
	(239,27,'Alfreda Rice','Qui et quis a totam architecto. Odio consequatur est qui fuga vitae. Veniam velit soluta saepe enim sint sint qui. Quidem harum voluptatem deleniti autem.',1,'2018-02-07 14:57:09','2018-02-07 14:57:09'),
	(240,50,'Mr. Nigel Koch','Eum perspiciatis recusandae praesentium omnis porro voluptas voluptatem. Sapiente atque nihil fugit suscipit. Blanditiis rerum magni sit quo alias enim.',4,'2018-02-07 14:57:09','2018-02-07 14:57:09'),
	(241,35,'Dr. Jessy Mitchell','Eaque et unde ipsam incidunt rerum quo neque. Et debitis nobis labore. Dolor ratione ducimus numquam qui quos earum dolore.',2,'2018-02-07 14:57:09','2018-02-07 14:57:09'),
	(242,20,'Miss Marjolaine Cole PhD','Laborum et laboriosam tempore nemo officiis. Id sequi reprehenderit nemo omnis facere. Doloremque et dolores ipsam ratione. Sint assumenda praesentium cumque eaque alias recusandae quod optio. Magnam ex harum quis vel quo enim debitis.',0,'2018-02-07 14:57:09','2018-02-07 14:57:09'),
	(243,40,'Kaia Gislason','Odio consequatur perferendis et aperiam. Eveniet nihil et nostrum et nulla nemo ut aut. Et quibusdam quas rem voluptatem necessitatibus.',2,'2018-02-07 14:57:09','2018-02-07 14:57:09'),
	(244,36,'Mckenzie Rodriguez PhD','Sapiente in ab et consequatur consequatur. Consequatur quisquam dignissimos eos enim saepe blanditiis. Maiores atque consectetur repellat enim dolor aperiam beatae.',1,'2018-02-07 14:57:09','2018-02-07 14:57:09'),
	(245,16,'Shayna Bahringer','Distinctio accusamus enim excepturi hic vel consectetur labore eum. Eaque eos ab illo consequatur.',2,'2018-02-07 14:57:09','2018-02-07 14:57:09'),
	(246,34,'Ross Crooks','Ea et accusantium dolores impedit. Vero debitis enim voluptatibus quis ex ducimus. Dolorem deleniti quidem est est modi. Et sit tempora et earum quidem ut reiciendis.',4,'2018-02-07 14:57:09','2018-02-07 14:57:09'),
	(247,45,'Kristian Halvorson','Aspernatur perferendis non nesciunt. Qui iste eaque officiis aut omnis est deserunt. Reiciendis fuga et consectetur animi. Assumenda et vel corrupti repellendus inventore accusantium placeat illo.',3,'2018-02-07 14:57:09','2018-02-07 14:57:09'),
	(248,5,'Jada Oberbrunner','Nisi sit blanditiis odit ut velit voluptatum. Id esse culpa provident. Repellat sequi suscipit voluptas. Sit voluptas maiores consectetur quod dolorem et natus.',5,'2018-02-07 14:57:09','2018-02-07 14:57:09'),
	(249,18,'Odessa Baumbach','Placeat voluptatum magnam ut aut fugit. Consequatur pariatur voluptatum nisi distinctio. Sit nihil consequatur ad iusto aut laborum atque. Quis doloremque aut aspernatur ullam. Et enim ipsum nihil aut quisquam et.',3,'2018-02-07 14:57:09','2018-02-07 14:57:09'),
	(250,4,'Prof. Violette Watsica IV','Et possimus ea eos nisi omnis esse. Libero nihil sed numquam iure sapiente nihil ipsum. Cumque ab pariatur quas reiciendis rem quo alias.',3,'2018-02-07 14:57:09','2018-02-07 14:57:09'),
	(251,32,'Mr. Clovis Breitenberg Sr.','Nihil corporis qui porro rerum cum. Eos et excepturi molestiae dicta corrupti aut culpa. Voluptate consequatur quia distinctio odio voluptatum tenetur.',5,'2018-02-07 14:57:09','2018-02-07 14:57:09'),
	(252,30,'Tabitha Hirthe','Pariatur hic ex unde sequi et. Aspernatur maiores consequatur natus suscipit ut et deserunt dignissimos. Quasi voluptatum nihil magni quibusdam perferendis exercitationem vel.',5,'2018-02-07 14:57:09','2018-02-07 14:57:09'),
	(253,24,'Natasha Haag','Cupiditate architecto beatae natus enim dolores eaque. Omnis quo explicabo ut ab et.',4,'2018-02-07 14:57:09','2018-02-07 14:57:09'),
	(254,35,'Hayley Sawayn','Quo voluptas necessitatibus mollitia doloremque harum sit ad. Pariatur laudantium velit ut est non. Sed officia nostrum maxime id et.',3,'2018-02-07 14:57:09','2018-02-07 14:57:09'),
	(255,19,'Haleigh Torphy','Molestiae et earum nobis ut minima quisquam. Consequuntur eos omnis vitae voluptas distinctio. Aut harum possimus quod earum. Aut adipisci quaerat in qui eveniet eum eius.',1,'2018-02-07 14:57:09','2018-02-07 14:57:09'),
	(256,42,'Estel Rolfson','Et est quo qui consequuntur doloribus officia asperiores possimus. Itaque natus illum laudantium tenetur necessitatibus explicabo et. Modi soluta sed aut et rerum repellendus. Ipsam voluptatum magnam saepe sint omnis.',1,'2018-02-07 14:57:09','2018-02-07 14:57:09'),
	(257,43,'Trinity Lang DVM','Non ipsam deserunt fuga incidunt porro. Id nisi cupiditate veritatis. Sed explicabo ut deleniti.',3,'2018-02-07 14:57:09','2018-02-07 14:57:09'),
	(258,33,'Dannie Windler','Culpa sapiente reprehenderit dolorum a omnis eius eum. Veritatis quisquam molestiae quod quaerat. Ad qui repudiandae repudiandae libero ipsum eos. Alias reprehenderit officiis et odit quaerat illo eum.',2,'2018-02-07 14:57:09','2018-02-07 14:57:09'),
	(259,9,'Dr. Gaetano Quigley II','Ipsam ut qui aperiam soluta quo. Et excepturi quisquam amet sit. Sit et omnis rerum qui quae occaecati vitae. Quam aliquam est culpa dolor autem.',2,'2018-02-07 14:57:09','2018-02-07 14:57:09'),
	(260,50,'Miss Retta Russel IV','Quis inventore aut quas aut omnis. Non dolor voluptatem dolorem aliquid. Voluptatum maxime quas voluptas dignissimos consequatur necessitatibus.',1,'2018-02-07 14:57:09','2018-02-07 14:57:09'),
	(261,4,'Prof. Florian Jacobson V','Explicabo quisquam harum esse sint consequuntur. Eum et illo sit possimus sint molestiae vitae. Assumenda ipsam id ea libero impedit et numquam et. Neque impedit nemo qui quis vero.',1,'2018-02-07 14:57:09','2018-02-07 14:57:09'),
	(262,2,'Taryn Shanahan','Id cum maiores nobis possimus aliquid earum est consequatur. Molestiae dicta quia ipsa. Sunt voluptas voluptas aut ex provident aliquam occaecati eos.',1,'2018-02-07 14:57:09','2018-02-07 14:57:09'),
	(263,44,'Rebeca Kris','Repellat molestiae ut qui impedit voluptate dolor harum. Aut officiis delectus nemo eligendi. Repellat blanditiis hic sint ut tenetur sit.',1,'2018-02-07 14:57:09','2018-02-07 14:57:09'),
	(264,2,'Nigel Kertzmann','Fuga vitae ducimus voluptas placeat est voluptatem. Voluptas quos perferendis voluptatem. Molestiae nam rerum explicabo est. Eaque dolores sapiente id sunt dolore et ab.',4,'2018-02-07 14:57:09','2018-02-07 14:57:09'),
	(265,48,'Felipe Mante','Neque modi et neque repudiandae totam non. Facere expedita et nemo maiores. Aliquid voluptatem ea omnis eligendi. Itaque enim facilis iusto et quas non nisi.',5,'2018-02-07 14:57:09','2018-02-07 14:57:09'),
	(266,46,'Jessica Kutch','Nam quisquam blanditiis beatae perspiciatis unde mollitia sit quo. Deleniti praesentium quaerat suscipit non eum ratione. Quia suscipit voluptas quis aliquam amet.',5,'2018-02-07 14:57:09','2018-02-07 14:57:09'),
	(267,10,'Mya Balistreri','Dolor eligendi modi quos numquam. Officia quae repudiandae qui quis tempore.',1,'2018-02-07 14:57:09','2018-02-07 14:57:09'),
	(268,17,'Mr. Ezra Bednar II','Blanditiis eos autem tempore et. Dolorum neque voluptatibus voluptas libero libero vel corporis. Qui ullam eos debitis quo harum non.',3,'2018-02-07 14:57:09','2018-02-07 14:57:09'),
	(269,41,'Luz Gutmann DDS','Quis voluptate sit sint omnis eum. Non sapiente dolores magnam cumque fugiat nulla voluptate. Aut quasi hic quis inventore.',3,'2018-02-07 14:57:09','2018-02-07 14:57:09'),
	(270,47,'Prof. Wyman Cummings MD','Totam odit eos et illo distinctio in aspernatur. Qui et ut nihil aliquid sint sequi. Tempora fugit ut ex quaerat.',5,'2018-02-07 14:57:09','2018-02-07 14:57:09'),
	(271,31,'Mr. Otis Weimann','Reiciendis exercitationem aspernatur cupiditate. Perspiciatis earum modi eos vitae molestiae vel.',1,'2018-02-07 14:57:09','2018-02-07 14:57:09'),
	(272,45,'Daron Kreiger IV','Adipisci ad rem sit iste praesentium eaque ex. Voluptatem veniam ullam eum delectus. Voluptatem id velit nobis aut enim voluptatem.',4,'2018-02-07 14:57:09','2018-02-07 14:57:09'),
	(273,16,'Mrs. Rosalind Price','Animi itaque natus minus delectus. Illo fuga quae magni quas. Officia molestiae in qui praesentium voluptatem.',2,'2018-02-07 14:57:09','2018-02-07 14:57:09'),
	(274,24,'Pinkie Rice','Debitis temporibus adipisci hic et optio aut voluptas. Architecto qui quidem consequatur porro. Aut illum dicta assumenda rerum. Velit voluptas rerum reiciendis exercitationem nulla.',5,'2018-02-07 14:57:09','2018-02-07 14:57:09'),
	(275,6,'Prof. Laurie Kertzmann','Possimus aut delectus reprehenderit earum consequuntur alias officiis. Iure dignissimos et quis dolores. Nulla quis ut possimus praesentium. Omnis ab amet nobis libero occaecati.',2,'2018-02-07 14:57:09','2018-02-07 14:57:09'),
	(276,43,'Mr. Gerard Schiller','Perspiciatis consequatur qui enim quisquam reprehenderit. Debitis et ut ut odio consequatur in.',0,'2018-02-07 14:57:09','2018-02-07 14:57:09'),
	(277,31,'Parker Wilderman','Sed voluptas praesentium in voluptas cupiditate. Magnam corporis delectus aut numquam est minima ut. Ex delectus ratione quo minima neque sequi sapiente.',0,'2018-02-07 14:57:09','2018-02-07 14:57:09'),
	(278,49,'Mrs. Mariah Farrell','Voluptate dolorem et sint delectus enim. Quisquam aut dicta facere quia ad est. Qui minima corrupti eligendi nesciunt dolore. Incidunt eligendi ipsa impedit sit non porro ratione explicabo.',1,'2018-02-07 14:57:09','2018-02-07 14:57:09'),
	(279,41,'Annette Wisozk DVM','Ratione et qui ea optio. Ea odio officia sint quia expedita eveniet nihil. Quo omnis velit voluptate ut.',5,'2018-02-07 14:57:09','2018-02-07 14:57:09'),
	(280,7,'Giles Kulas','Eveniet quibusdam reiciendis labore sed. Id magnam aliquam quisquam occaecati. Saepe quia perferendis in est. Quaerat enim nesciunt voluptatem modi dolorem laborum.',3,'2018-02-07 14:57:09','2018-02-07 14:57:09'),
	(281,48,'Troy Johnson','Est dignissimos veritatis quo aliquam esse cupiditate. In ab nobis sint impedit perferendis est enim. Explicabo iure voluptatibus sit voluptate dolor laudantium.',4,'2018-02-07 14:57:09','2018-02-07 14:57:09'),
	(282,28,'Eduardo Cremin','Assumenda iure veniam odit vel perspiciatis est ducimus. Ab aut vel distinctio deleniti est eum sequi. Aut est asperiores ut omnis hic. Quisquam doloremque et quod illo est et.',2,'2018-02-07 14:57:09','2018-02-07 14:57:09'),
	(283,33,'Mr. Theodore Thiel II','Enim harum incidunt provident consequatur non id. Sit velit maxime reiciendis velit.',3,'2018-02-07 14:57:09','2018-02-07 14:57:09'),
	(284,37,'Prof. Morton Marvin I','Porro numquam non aut qui quae iure. Assumenda maxime aperiam voluptates molestiae totam repellendus doloremque provident. Quae deserunt aut assumenda iste optio.',4,'2018-02-07 14:57:09','2018-02-07 14:57:09'),
	(285,41,'Prof. Teagan Welch Sr.','Doloribus voluptatem id ea vel iste. Ad vel temporibus alias sint reprehenderit ipsa eaque. Tenetur accusamus est consectetur nam rerum nihil.',1,'2018-02-07 14:57:09','2018-02-07 14:57:09'),
	(286,13,'Maddison Hermiston','Omnis deserunt ex doloremque tempore. Quia dignissimos vel sed.',1,'2018-02-07 14:57:09','2018-02-07 14:57:09'),
	(287,27,'Velma Wuckert','Explicabo totam aliquam dolorem voluptate enim non delectus. Qui dolore et itaque vel. Sed tempora deserunt excepturi quod. Ut tenetur et a incidunt optio.',5,'2018-02-07 14:57:09','2018-02-07 14:57:09'),
	(288,36,'Kale Mosciski III','Alias accusamus perspiciatis ut laborum est aut veritatis. Et ducimus sunt a neque velit. Ratione eum ducimus et distinctio ut. Explicabo sint impedit dolores nihil. Repellendus quia mollitia quasi et.',3,'2018-02-07 14:57:09','2018-02-07 14:57:09'),
	(289,3,'Prof. Harry Parisian DDS','Ut sit nesciunt impedit quaerat impedit qui. Harum eum culpa dolorum magni. Ex perspiciatis delectus necessitatibus tempore rerum sed. Omnis labore et necessitatibus et.',4,'2018-02-07 14:57:09','2018-02-07 14:57:09'),
	(290,18,'Dr. Marshall Kiehn Sr.','Totam similique incidunt deleniti eum. Quaerat cupiditate voluptatem exercitationem illo voluptatem eaque sit ut. Distinctio similique autem aut debitis.',5,'2018-02-07 14:57:09','2018-02-07 14:57:09'),
	(291,17,'Frederik Turner','Rerum deserunt doloribus libero rerum fugit. Reiciendis voluptas vel sed dolore. Necessitatibus error magni animi aut harum libero vel facilis.',0,'2018-02-07 14:57:09','2018-02-07 14:57:09'),
	(292,15,'Prof. Marcel Stark Jr.','Non voluptatem voluptate debitis voluptatem odio. Vel cum voluptas atque quis odit tenetur. Aut enim a soluta sapiente. Alias itaque excepturi esse sit error et quos placeat.',1,'2018-02-07 14:57:09','2018-02-07 14:57:09'),
	(293,30,'Mr. Mohammad Metz DDS','Aut autem explicabo totam eaque pariatur et. Commodi in tempora dolorem perferendis temporibus quo deserunt. Minima architecto in inventore et molestiae unde possimus doloremque. Aspernatur corporis animi nostrum quo ullam.',4,'2018-02-07 14:57:09','2018-02-07 14:57:09'),
	(294,9,'Mr. Brant Fadel','Numquam modi eum sit molestiae atque. Nisi maiores asperiores voluptas nostrum cupiditate mollitia est. Sint corporis ea vitae quis. Incidunt totam qui nemo omnis et. Quisquam qui ad dolorem suscipit.',0,'2018-02-07 14:57:09','2018-02-07 14:57:09'),
	(295,36,'Karelle Cole III','Molestias optio et officiis at qui. Sed ea consequatur in sed sed rerum. Repudiandae dolore et qui cum molestiae.',5,'2018-02-07 14:57:09','2018-02-07 14:57:09'),
	(296,26,'Mrs. Zula Marks Sr.','Molestias nihil eligendi architecto et et autem ut. Qui perspiciatis culpa est voluptatem. Aut assumenda in quisquam id non.',3,'2018-02-07 14:57:09','2018-02-07 14:57:09'),
	(297,13,'Prof. Dimitri Ernser Jr.','Enim nostrum sit deserunt omnis nisi necessitatibus. Rerum rerum ea et sunt rerum et. Sapiente velit quas eius voluptatem quidem ex voluptatum. Sit quam quod qui dolore et earum facilis.',0,'2018-02-07 14:57:09','2018-02-07 14:57:09'),
	(298,48,'Krystina Christiansen','Consequatur cumque eius nihil deserunt voluptas eos sunt excepturi. Rerum repellendus dolor libero esse tempore voluptatibus harum. Aperiam aliquam quo sit possimus. Harum consequatur animi omnis fugiat et est expedita.',4,'2018-02-07 14:57:09','2018-02-07 14:57:09'),
	(299,44,'Prof. Henriette Smith','Unde veniam cum molestias velit. Enim ut aspernatur distinctio quo aut ut veniam. Quos aliquid et saepe aut ea non magni.',2,'2018-02-07 14:57:09','2018-02-07 14:57:09'),
	(300,18,'Beaulah Dooley','Nihil ut ea alias deleniti dolores impedit sit. Qui non rerum velit corporis voluptatem fugit. Est et at libero est mollitia facilis. Modi cupiditate sunt et asperiores.',1,'2018-02-07 14:57:09','2018-02-07 14:57:09');

/*!40000 ALTER TABLE `reviews` ENABLE KEYS */;
UNLOCK TABLES;


# Dump of table users
# ------------------------------------------------------------

DROP TABLE IF EXISTS `users`;

CREATE TABLE `users` (
  `id` int(10) unsigned NOT NULL AUTO_INCREMENT,
  `name` varchar(191) COLLATE utf8mb4_unicode_ci NOT NULL,
  `email` varchar(191) COLLATE utf8mb4_unicode_ci NOT NULL,
  `password` varchar(191) COLLATE utf8mb4_unicode_ci NOT NULL,
  `remember_token` varchar(100) COLLATE utf8mb4_unicode_ci DEFAULT NULL,
  `created_at` timestamp NULL DEFAULT NULL,
  `updated_at` timestamp NULL DEFAULT NULL,
  PRIMARY KEY (`id`),
  UNIQUE KEY `users_email_unique` (`email`)
) ENGINE=InnoDB DEFAULT CHARSET=utf8mb4 COLLATE=utf8mb4_unicode_ci;




/*!40111 SET SQL_NOTES=@OLD_SQL_NOTES */;
/*!40101 SET SQL_MODE=@OLD_SQL_MODE */;
/*!40014 SET FOREIGN_KEY_CHECKS=@OLD_FOREIGN_KEY_CHECKS */;
/*!40101 SET CHARACTER_SET_CLIENT=@OLD_CHARACTER_SET_CLIENT */;
/*!40101 SET CHARACTER_SET_RESULTS=@OLD_CHARACTER_SET_RESULTS */;
/*!40101 SET COLLATION_CONNECTION=@OLD_COLLATION_CONNECTION */;
