# ************************************************************
# Sequel Pro SQL dump
# Version 4541
#
# http://www.sequelpro.com/
# https://github.com/sequelpro/sequelpro
#
# Host: localhost (MySQL 5.6.35)
# Database: restful_api
# Generation Time: 2018-02-12 13:38:23 +0000
# ************************************************************


/*!40101 SET @OLD_CHARACTER_SET_CLIENT=@@CHARACTER_SET_CLIENT */;
/*!40101 SET @OLD_CHARACTER_SET_RESULTS=@@CHARACTER_SET_RESULTS */;
/*!40101 SET @OLD_COLLATION_CONNECTION=@@COLLATION_CONNECTION */;
/*!40101 SET NAMES utf8 */;
/*!40014 SET @OLD_FOREIGN_KEY_CHECKS=@@FOREIGN_KEY_CHECKS, FOREIGN_KEY_CHECKS=0 */;
/*!40101 SET @OLD_SQL_MODE=@@SQL_MODE, SQL_MODE='NO_AUTO_VALUE_ON_ZERO' */;
/*!40111 SET @OLD_SQL_NOTES=@@SQL_NOTES, SQL_NOTES=0 */;


# Dump of table migrations
# ------------------------------------------------------------

DROP TABLE IF EXISTS `migrations`;

CREATE TABLE `migrations` (
  `id` int(10) unsigned NOT NULL AUTO_INCREMENT,
  `migration` varchar(191) COLLATE utf8mb4_unicode_ci NOT NULL,
  `batch` int(11) NOT NULL,
  PRIMARY KEY (`id`)
) ENGINE=InnoDB DEFAULT CHARSET=utf8mb4 COLLATE=utf8mb4_unicode_ci;

LOCK TABLES `migrations` WRITE;
/*!40000 ALTER TABLE `migrations` DISABLE KEYS */;

INSERT INTO `migrations` (`id`, `migration`, `batch`)
VALUES
	(1,'2014_10_12_000000_create_users_table',1),
	(2,'2014_10_12_100000_create_password_resets_table',1),
	(3,'2018_02_07_140559_create_products_table',1),
	(4,'2018_02_07_140644_create_reviews_table',1),
	(5,'2016_06_01_000001_create_oauth_auth_codes_table',2),
	(6,'2016_06_01_000002_create_oauth_access_tokens_table',2),
	(7,'2016_06_01_000003_create_oauth_refresh_tokens_table',2),
	(8,'2016_06_01_000004_create_oauth_clients_table',2),
	(9,'2016_06_01_000005_create_oauth_personal_access_clients_table',2);

/*!40000 ALTER TABLE `migrations` ENABLE KEYS */;
UNLOCK TABLES;


# Dump of table oauth_access_tokens
# ------------------------------------------------------------

DROP TABLE IF EXISTS `oauth_access_tokens`;

CREATE TABLE `oauth_access_tokens` (
  `id` varchar(100) COLLATE utf8mb4_unicode_ci NOT NULL,
  `user_id` int(11) DEFAULT NULL,
  `client_id` int(11) NOT NULL,
  `name` varchar(191) COLLATE utf8mb4_unicode_ci DEFAULT NULL,
  `scopes` text COLLATE utf8mb4_unicode_ci,
  `revoked` tinyint(1) NOT NULL,
  `created_at` timestamp NULL DEFAULT NULL,
  `updated_at` timestamp NULL DEFAULT NULL,
  `expires_at` datetime DEFAULT NULL,
  PRIMARY KEY (`id`),
  KEY `oauth_access_tokens_user_id_index` (`user_id`),
  KEY `oauth_access_tokens_client_id_index` (`client_id`)
) ENGINE=InnoDB DEFAULT CHARSET=utf8mb4 COLLATE=utf8mb4_unicode_ci;

LOCK TABLES `oauth_access_tokens` WRITE;
/*!40000 ALTER TABLE `oauth_access_tokens` DISABLE KEYS */;

INSERT INTO `oauth_access_tokens` (`id`, `user_id`, `client_id`, `name`, `scopes`, `revoked`, `created_at`, `updated_at`, `expires_at`)
VALUES
	('44672ac90a1945f51b802c2de48278e2a03dc36c8e4881471a64ae7f7a06131d53ef440c28ccfe2e',1,2,NULL,'[]',0,'2018-02-12 13:31:43','2018-02-12 13:31:43','2019-02-12 13:31:43');

/*!40000 ALTER TABLE `oauth_access_tokens` ENABLE KEYS */;
UNLOCK TABLES;


# Dump of table oauth_auth_codes
# ------------------------------------------------------------

DROP TABLE IF EXISTS `oauth_auth_codes`;

CREATE TABLE `oauth_auth_codes` (
  `id` varchar(100) COLLATE utf8mb4_unicode_ci NOT NULL,
  `user_id` int(11) NOT NULL,
  `client_id` int(11) NOT NULL,
  `scopes` text COLLATE utf8mb4_unicode_ci,
  `revoked` tinyint(1) NOT NULL,
  `expires_at` datetime DEFAULT NULL,
  PRIMARY KEY (`id`)
) ENGINE=InnoDB DEFAULT CHARSET=utf8mb4 COLLATE=utf8mb4_unicode_ci;



# Dump of table oauth_clients
# ------------------------------------------------------------

DROP TABLE IF EXISTS `oauth_clients`;

CREATE TABLE `oauth_clients` (
  `id` int(10) unsigned NOT NULL AUTO_INCREMENT,
  `user_id` int(11) DEFAULT NULL,
  `name` varchar(191) COLLATE utf8mb4_unicode_ci NOT NULL,
  `secret` varchar(100) COLLATE utf8mb4_unicode_ci NOT NULL,
  `redirect` text COLLATE utf8mb4_unicode_ci NOT NULL,
  `personal_access_client` tinyint(1) NOT NULL,
  `password_client` tinyint(1) NOT NULL,
  `revoked` tinyint(1) NOT NULL,
  `created_at` timestamp NULL DEFAULT NULL,
  `updated_at` timestamp NULL DEFAULT NULL,
  PRIMARY KEY (`id`),
  KEY `oauth_clients_user_id_index` (`user_id`)
) ENGINE=InnoDB DEFAULT CHARSET=utf8mb4 COLLATE=utf8mb4_unicode_ci;

LOCK TABLES `oauth_clients` WRITE;
/*!40000 ALTER TABLE `oauth_clients` DISABLE KEYS */;

INSERT INTO `oauth_clients` (`id`, `user_id`, `name`, `secret`, `redirect`, `personal_access_client`, `password_client`, `revoked`, `created_at`, `updated_at`)
VALUES
	(1,NULL,'Laravel Personal Access Client','N8MjXx1IDZXxlgpw6KAbRiUsOaIx1G6mvQxmbT81','http://localhost',1,0,0,'2018-02-12 11:12:06','2018-02-12 11:12:06'),
	(2,NULL,'Laravel Password Grant Client','vsPzwin4v2T0qP9FLXzGMc9wRE8LxtsESH6p9cFa','http://localhost',0,1,0,'2018-02-12 11:12:06','2018-02-12 11:12:06');

/*!40000 ALTER TABLE `oauth_clients` ENABLE KEYS */;
UNLOCK TABLES;


# Dump of table oauth_personal_access_clients
# ------------------------------------------------------------

DROP TABLE IF EXISTS `oauth_personal_access_clients`;

CREATE TABLE `oauth_personal_access_clients` (
  `id` int(10) unsigned NOT NULL AUTO_INCREMENT,
  `client_id` int(11) NOT NULL,
  `created_at` timestamp NULL DEFAULT NULL,
  `updated_at` timestamp NULL DEFAULT NULL,
  PRIMARY KEY (`id`),
  KEY `oauth_personal_access_clients_client_id_index` (`client_id`)
) ENGINE=InnoDB DEFAULT CHARSET=utf8mb4 COLLATE=utf8mb4_unicode_ci;

LOCK TABLES `oauth_personal_access_clients` WRITE;
/*!40000 ALTER TABLE `oauth_personal_access_clients` DISABLE KEYS */;

INSERT INTO `oauth_personal_access_clients` (`id`, `client_id`, `created_at`, `updated_at`)
VALUES
	(1,1,'2018-02-12 11:12:06','2018-02-12 11:12:06');

/*!40000 ALTER TABLE `oauth_personal_access_clients` ENABLE KEYS */;
UNLOCK TABLES;


# Dump of table oauth_refresh_tokens
# ------------------------------------------------------------

DROP TABLE IF EXISTS `oauth_refresh_tokens`;

CREATE TABLE `oauth_refresh_tokens` (
  `id` varchar(100) COLLATE utf8mb4_unicode_ci NOT NULL,
  `access_token_id` varchar(100) COLLATE utf8mb4_unicode_ci NOT NULL,
  `revoked` tinyint(1) NOT NULL,
  `expires_at` datetime DEFAULT NULL,
  PRIMARY KEY (`id`),
  KEY `oauth_refresh_tokens_access_token_id_index` (`access_token_id`)
) ENGINE=InnoDB DEFAULT CHARSET=utf8mb4 COLLATE=utf8mb4_unicode_ci;

LOCK TABLES `oauth_refresh_tokens` WRITE;
/*!40000 ALTER TABLE `oauth_refresh_tokens` DISABLE KEYS */;

INSERT INTO `oauth_refresh_tokens` (`id`, `access_token_id`, `revoked`, `expires_at`)
VALUES
	('e4793ded80de9cb0274073b57ecd6626765f09021cf2aa2aae7feb7fbb07f439f750fb119e664455','44672ac90a1945f51b802c2de48278e2a03dc36c8e4881471a64ae7f7a06131d53ef440c28ccfe2e',0,'2019-02-12 13:31:43');

/*!40000 ALTER TABLE `oauth_refresh_tokens` ENABLE KEYS */;
UNLOCK TABLES;


# Dump of table password_resets
# ------------------------------------------------------------

DROP TABLE IF EXISTS `password_resets`;

CREATE TABLE `password_resets` (
  `email` varchar(191) COLLATE utf8mb4_unicode_ci NOT NULL,
  `token` varchar(191) COLLATE utf8mb4_unicode_ci NOT NULL,
  `created_at` timestamp NULL DEFAULT NULL,
  KEY `password_resets_email_index` (`email`)
) ENGINE=InnoDB DEFAULT CHARSET=utf8mb4 COLLATE=utf8mb4_unicode_ci;



# Dump of table products
# ------------------------------------------------------------

DROP TABLE IF EXISTS `products`;

CREATE TABLE `products` (
  `id` int(10) unsigned NOT NULL AUTO_INCREMENT,
  `name` varchar(191) COLLATE utf8mb4_unicode_ci NOT NULL,
  `detail` text COLLATE utf8mb4_unicode_ci NOT NULL,
  `price` int(11) NOT NULL,
  `stock` int(11) NOT NULL,
  `discount` int(11) NOT NULL,
  `created_at` timestamp NULL DEFAULT NULL,
  `updated_at` timestamp NULL DEFAULT NULL,
  PRIMARY KEY (`id`)
) ENGINE=InnoDB DEFAULT CHARSET=utf8mb4 COLLATE=utf8mb4_unicode_ci;

LOCK TABLES `products` WRITE;
/*!40000 ALTER TABLE `products` DISABLE KEYS */;

INSERT INTO `products` (`id`, `name`, `detail`, `price`, `stock`, `discount`, `created_at`, `updated_at`)
VALUES
	(1,'Korey Wiegand','Quibusdam aut optio rerum. Eius fugit omnis cumque sit. Error voluptate et voluptatum eos voluptas et rem. Odit sunt sed vitae distinctio quidem.',338,9,17,'2018-02-12 11:10:10','2018-02-12 11:10:10'),
	(2,'Deion Mayer','Quia facilis et saepe. Porro est porro architecto necessitatibus. Quasi recusandae assumenda dolorem quidem et. Temporibus corrupti in sed nihil temporibus quis quibusdam non.',964,6,26,'2018-02-12 11:10:10','2018-02-12 11:10:10'),
	(3,'Dr. Erica Douglas IV','Porro nobis cum natus totam et sit. Dolore voluptatum sint eveniet quos et. Doloremque ipsam dolor praesentium dolores officia.',784,9,27,'2018-02-12 11:10:10','2018-02-12 11:10:10'),
	(4,'Norma Gorczany','Aliquam exercitationem perferendis qui quaerat praesentium reiciendis esse. Nobis et magni molestiae pariatur voluptas animi veniam. Ab quo doloribus sunt nobis at est.',201,1,23,'2018-02-12 11:10:10','2018-02-12 11:10:10'),
	(5,'Ole Kulas','Vero incidunt hic soluta. Facere soluta et asperiores ut illo nisi voluptas. Assumenda dolorem velit repellendus sunt quis veniam eum. Maxime nemo autem perspiciatis aut quibusdam dolorem sint molestias.',768,4,8,'2018-02-12 11:10:10','2018-02-12 11:10:10'),
	(6,'Issac Kautzer','At accusamus officia pariatur expedita beatae. Possimus ut dolor temporibus eum. Dignissimos cum totam eligendi cumque. Eveniet ex placeat consequatur debitis qui cupiditate ullam qui. Rerum minima qui velit qui qui dolore.',155,0,7,'2018-02-12 11:10:10','2018-02-12 11:10:10'),
	(7,'Santos Crona IV','Ratione voluptatem deleniti qui fuga quae voluptatem qui. Similique iure earum recusandae et voluptatum ut quia. In nulla ipsa qui esse.',944,8,22,'2018-02-12 11:10:10','2018-02-12 11:10:10'),
	(8,'Dr. Janick West','Quas et pariatur veniam deleniti est sunt. Beatae quis consequuntur quia sint recusandae officia. Et aut deleniti quia iste. Culpa eos temporibus suscipit sed ut laboriosam non eum.',831,7,9,'2018-02-12 11:10:10','2018-02-12 11:10:10'),
	(9,'Mrs. Amina Douglas','Ab enim quis delectus. Ea fugit eos assumenda. Maiores autem officiis nihil. Et ab dolorem quo.',712,8,15,'2018-02-12 11:10:10','2018-02-12 11:10:10'),
	(10,'Adriana West','Nemo explicabo accusamus labore quisquam aut molestiae. Adipisci aut velit iusto eligendi. Et rem est quas. Deserunt aliquid voluptatem sint et consequatur ducimus.',917,6,3,'2018-02-12 11:10:10','2018-02-12 11:10:10'),
	(11,'Margot Fadel','Quibusdam vero ducimus debitis exercitationem optio. Omnis aut magnam quia qui sint quae. Placeat et consequatur labore et sit ratione molestiae. Rerum nihil velit cum ullam sint dignissimos sit.',629,2,2,'2018-02-12 11:10:10','2018-02-12 11:10:10'),
	(12,'Evangeline Bradtke','Minima cupiditate aliquam praesentium et veniam odio placeat eum. Est soluta aliquam est non dolores cumque. Et architecto architecto est dolorum modi.',482,7,9,'2018-02-12 11:10:10','2018-02-12 11:10:10'),
	(13,'Dr. Bradley Ledner V','Porro aperiam rerum aut aliquid dolorem quasi esse. Molestiae magni vel in repellat molestiae voluptate voluptatem rerum. Nobis blanditiis iure vel est. Ab ut et in sit accusantium nostrum.',570,3,4,'2018-02-12 11:10:10','2018-02-12 11:10:10'),
	(14,'Constance Mohr','Esse deserunt quis reiciendis architecto. Qui consectetur est officia enim. Dolores eligendi ad in enim. Tempore provident aperiam enim molestiae aut possimus aut minus. Quaerat hic eligendi dolorum.',702,7,19,'2018-02-12 11:10:10','2018-02-12 11:10:10'),
	(15,'Shawna Balistreri','Ut cupiditate iure laudantium aut facilis autem quia. Deserunt architecto facere incidunt. Sed atque optio necessitatibus ea similique laborum. Non eius qui inventore consequatur. Voluptatem aut et voluptate ducimus.',928,5,17,'2018-02-12 11:10:10','2018-02-12 11:10:10'),
	(16,'Terry Adams','Architecto eligendi possimus quis doloribus. Rem autem nihil consequatur nihil totam est minus. Voluptatem sed qui temporibus soluta. Similique adipisci ut amet qui.',810,8,5,'2018-02-12 11:10:10','2018-02-12 11:10:10'),
	(17,'Keyon Fay','Repellendus fugit architecto nihil. Culpa id reiciendis repellendus iusto sint voluptas laudantium.',666,1,2,'2018-02-12 11:10:10','2018-02-12 11:10:10'),
	(18,'Deshawn Gleichner Sr.','Libero exercitationem omnis atque tenetur. Sed porro consequatur dolore dolor ea maxime quia. Culpa id cumque corporis doloribus.',718,2,3,'2018-02-12 11:10:10','2018-02-12 11:10:10'),
	(19,'Adolfo Nikolaus','Deserunt nulla aut totam et. Hic molestiae iste praesentium eaque mollitia tempore suscipit. Saepe iste sint dolore delectus blanditiis. Hic illum pariatur ad sint in.',195,5,8,'2018-02-12 11:10:10','2018-02-12 11:10:10'),
	(20,'Kenneth Frami III','Facilis nihil possimus et quia quos dolor. Excepturi aut omnis rerum et in dolor id. Quae blanditiis aut et voluptas eligendi. Itaque accusantium vel ut mollitia quas consequatur beatae.',698,6,23,'2018-02-12 11:10:10','2018-02-12 11:10:10'),
	(21,'Abigail Parker','Magnam molestiae nostrum placeat aut perspiciatis. Ducimus placeat totam id odio sed ad deleniti. Aut dignissimos corrupti nihil aut autem. Praesentium dignissimos porro odit sint ipsam vel ut.',813,3,22,'2018-02-12 11:10:10','2018-02-12 11:10:10'),
	(22,'Tristin Beahan II','Qui animi animi maiores nostrum similique. Laudantium voluptatem voluptates suscipit et eum sapiente minus beatae. Iste qui sunt dolor aliquid animi nihil. Culpa est placeat natus enim. Dolor laborum cupiditate exercitationem laudantium vitae id ratione.',877,7,7,'2018-02-12 11:10:10','2018-02-12 11:10:10'),
	(23,'Derrick Schmidt','Aut ea consequuntur consequatur vel cumque. Aut delectus quia aperiam aspernatur quas numquam.',335,0,15,'2018-02-12 11:10:10','2018-02-12 11:10:10'),
	(24,'Marjory Miller','Explicabo modi quos culpa est. Repudiandae ut nulla provident nulla reprehenderit. Quia aliquam a temporibus cum. Ut iusto aut necessitatibus corrupti aut quis.',634,4,8,'2018-02-12 11:10:10','2018-02-12 11:10:10'),
	(25,'Monserrat Macejkovic DVM','Consequuntur qui enim aspernatur et sint illo. Sed consectetur laudantium natus similique aut ad.',802,8,11,'2018-02-12 11:10:10','2018-02-12 11:10:10'),
	(26,'Mrs. Lavina Stoltenberg','Et laboriosam tempore tenetur perferendis sit a. Corporis ea sit aut ut autem. Aliquam occaecati qui assumenda aliquid aliquam.',848,3,10,'2018-02-12 11:10:10','2018-02-12 11:10:10'),
	(27,'Kassandra Halvorson PhD','Eligendi corporis assumenda earum voluptatum incidunt et. Doloremque rerum similique repudiandae qui eveniet blanditiis. Autem consequatur numquam et dolore cupiditate sit est. Possimus qui voluptas soluta error animi.',804,9,29,'2018-02-12 11:10:10','2018-02-12 11:10:10'),
	(28,'Antonietta Stiedemann','Quia consequatur minus minus sit. Enim reprehenderit veritatis quia soluta dignissimos vel fugiat. Aperiam aut quibusdam sed non mollitia repellendus ducimus. Et ab rerum rerum dicta dignissimos repellat fugiat.',260,2,14,'2018-02-12 11:10:10','2018-02-12 11:10:10'),
	(29,'Darrell Carter IV','Nulla ut rem ut voluptatum. Qui illum ut ex cum voluptas et ad.',295,8,25,'2018-02-12 11:10:10','2018-02-12 11:10:10'),
	(30,'Davonte Powlowski','Molestiae et labore rerum sit. Reprehenderit doloribus voluptas aut reiciendis. Sequi recusandae delectus sed sunt molestiae quisquam. Sed voluptas error voluptatibus ea.',838,5,27,'2018-02-12 11:10:10','2018-02-12 11:10:10'),
	(31,'Johanna Windler','Reprehenderit aut ab neque quia voluptatem quas. Et laborum id totam assumenda occaecati et quis.',335,5,9,'2018-02-12 11:10:10','2018-02-12 11:10:10'),
	(32,'Kody Oberbrunner','Qui quis veritatis fugit omnis. Iure doloremque et iusto aut quod perferendis et. Cum consequatur repudiandae deleniti occaecati labore et.',491,1,29,'2018-02-12 11:10:10','2018-02-12 11:10:10'),
	(33,'Jerrold Blanda','Nihil et provident minima cupiditate sit magnam sed consequatur. Commodi libero ab sint dolore placeat accusantium sit in. Est animi libero quae natus.',611,9,20,'2018-02-12 11:10:10','2018-02-12 11:10:10'),
	(34,'Prof. Marvin Ondricka V','Fugit aut voluptatem expedita maxime nisi aut. Occaecati sit soluta natus et minus voluptatem. Enim nihil iste impedit dolor consequatur.',164,0,7,'2018-02-12 11:10:10','2018-02-12 11:10:10'),
	(35,'Alphonso Nader','Vel sequi natus molestiae ab commodi autem sunt. Ut voluptas dolores autem tempora laborum sint. Doloremque corporis distinctio aliquam perspiciatis ut non laudantium.',705,4,10,'2018-02-12 11:10:10','2018-02-12 11:10:10'),
	(36,'Alberta Koch','Deserunt doloribus explicabo est molestias aut voluptates. Debitis quia illum ut. Fugiat harum qui mollitia aut laboriosam dolor exercitationem. Omnis veritatis quam incidunt quia labore maiores.',794,6,4,'2018-02-12 11:10:10','2018-02-12 11:10:10'),
	(37,'Lee Johns','Est magni necessitatibus et qui quos quibusdam et. Et est vel dolorem. Cumque sed nulla alias maxime odit odio et.',810,0,19,'2018-02-12 11:10:10','2018-02-12 11:10:10'),
	(38,'Ford Hudson','Et culpa temporibus ipsa et quam. Voluptas sunt in excepturi perspiciatis consequatur sapiente ipsa. Eveniet magni blanditiis omnis maiores.',911,0,2,'2018-02-12 11:10:10','2018-02-12 11:10:10'),
	(39,'Prof. Soledad Quitzon MD','Molestiae mollitia laudantium et omnis et quo. Adipisci harum velit dolore mollitia labore.',277,0,15,'2018-02-12 11:10:10','2018-02-12 11:10:10'),
	(40,'Ms. Eileen Cormier PhD','Praesentium expedita modi quia odio dolor. Delectus magnam consequatur ullam. Id qui vero alias est et ea repudiandae. Enim magni eum harum voluptas labore aliquam nesciunt.',867,5,8,'2018-02-12 11:10:10','2018-02-12 11:10:10'),
	(41,'Prof. Miller Padberg','Voluptates enim quis placeat omnis qui mollitia ut. Vel alias reiciendis error error. Odit alias sunt velit nam incidunt aut. Fugiat minima voluptatem exercitationem et labore.',898,8,2,'2018-02-12 11:10:10','2018-02-12 11:10:10'),
	(42,'Trudie Nader','Est tempora iste maxime. Nostrum nam ea eos accusantium eum debitis. Velit unde vitae earum occaecati accusantium eaque optio.',974,5,11,'2018-02-12 11:10:10','2018-02-12 11:10:10'),
	(43,'Dr. Carlos Tromp','Et eveniet magnam nulla facilis dolores fuga ut sed. Nobis sed harum est autem iusto voluptas. Eligendi dignissimos ut earum assumenda aspernatur. Tempora ipsum quaerat dolores.',807,1,2,'2018-02-12 11:10:10','2018-02-12 11:10:10'),
	(44,'Maryam Smitham','Consequatur qui ab voluptatem necessitatibus est accusamus ab incidunt. Itaque eum deserunt numquam explicabo.',198,9,14,'2018-02-12 11:10:10','2018-02-12 11:10:10'),
	(45,'Clyde Hermann MD','Vero reiciendis qui sed eos molestias. Et dolorem facere enim non quasi voluptatum corrupti. Quas ipsum omnis aspernatur voluptas qui perspiciatis esse.',435,3,3,'2018-02-12 11:10:10','2018-02-12 11:10:10'),
	(46,'Berta Mante','Cumque ducimus deserunt ea. Possimus voluptate architecto autem praesentium cupiditate quibusdam hic rerum. Ducimus dolores maxime ab temporibus. Quis facilis ex voluptas quam.',925,7,14,'2018-02-12 11:10:10','2018-02-12 11:10:10'),
	(47,'Della West','Voluptas recusandae consequuntur ut earum veritatis dolores atque. Nemo voluptas iusto blanditiis nemo quia tempore et. Explicabo velit ducimus aut voluptas et.',934,8,29,'2018-02-12 11:10:10','2018-02-12 11:10:10'),
	(48,'Ms. Amya Donnelly','Nobis earum facere sed qui. Tempore odit et error quasi quibusdam voluptatum. Cumque fugit quia aliquid quia et cum atque.',746,7,14,'2018-02-12 11:10:10','2018-02-12 11:10:10'),
	(49,'Dianna Schinner','Aut accusamus molestiae consequatur expedita. Magnam officiis unde nesciunt voluptate iste facilis modi. Veritatis exercitationem placeat corporis iste. Accusamus expedita voluptas voluptas aspernatur cum. Animi quisquam enim quod atque sapiente consequatur provident.',919,1,16,'2018-02-12 11:10:10','2018-02-12 11:10:10'),
	(50,'Prof. Jovany Ledner DVM','At sit quae vel commodi quos ullam quibusdam. Eum velit eos quibusdam maiores magnam aspernatur. Sint rerum sit quam quam beatae. Non debitis ipsam non rerum quibusdam.',675,1,15,'2018-02-12 11:10:10','2018-02-12 11:10:10');

/*!40000 ALTER TABLE `products` ENABLE KEYS */;
UNLOCK TABLES;


# Dump of table reviews
# ------------------------------------------------------------

DROP TABLE IF EXISTS `reviews`;

CREATE TABLE `reviews` (
  `id` int(10) unsigned NOT NULL AUTO_INCREMENT,
  `product_id` int(10) unsigned NOT NULL,
  `customer` varchar(191) COLLATE utf8mb4_unicode_ci NOT NULL,
  `review` text COLLATE utf8mb4_unicode_ci NOT NULL,
  `star` int(11) NOT NULL,
  `created_at` timestamp NULL DEFAULT NULL,
  `updated_at` timestamp NULL DEFAULT NULL,
  PRIMARY KEY (`id`),
  KEY `reviews_product_id_index` (`product_id`),
  CONSTRAINT `reviews_product_id_foreign` FOREIGN KEY (`product_id`) REFERENCES `products` (`id`) ON DELETE CASCADE
) ENGINE=InnoDB DEFAULT CHARSET=utf8mb4 COLLATE=utf8mb4_unicode_ci;

LOCK TABLES `reviews` WRITE;
/*!40000 ALTER TABLE `reviews` DISABLE KEYS */;

INSERT INTO `reviews` (`id`, `product_id`, `customer`, `review`, `star`, `created_at`, `updated_at`)
VALUES
	(1,8,'Odell Farrell','Consectetur dolores in quod nemo magnam. At autem tempora aut consequatur. Ducimus voluptas cupiditate similique impedit natus rerum provident. Sed voluptatem voluptas nam corrupti unde atque. Sed delectus quasi eos blanditiis exercitationem quidem.',2,'2018-02-12 11:10:10','2018-02-12 11:10:10'),
	(2,39,'Mrs. Neoma Mayer','Iste impedit iure omnis molestiae a exercitationem sequi. Recusandae eaque culpa itaque quia. Doloremque non possimus ea qui iste.',4,'2018-02-12 11:10:10','2018-02-12 11:10:10'),
	(3,30,'Jeanne Gottlieb','Laboriosam exercitationem dolores numquam voluptatem quasi. Consequatur culpa cumque dicta impedit totam qui tenetur. Nisi magnam molestias in quibusdam ut ut. Consequatur non itaque totam similique ad.',4,'2018-02-12 11:10:10','2018-02-12 11:10:10'),
	(4,43,'Andrew Ortiz','Iusto molestiae pariatur dolor voluptatibus porro. Aut occaecati recusandae autem minus. Id nesciunt impedit dolores corporis minus quos.',1,'2018-02-12 11:10:10','2018-02-12 11:10:10'),
	(5,20,'Vicky Harris Sr.','Et similique et veritatis tempora asperiores sunt labore laboriosam. Vel ab placeat architecto itaque. Doloribus accusamus quia temporibus suscipit delectus iste. Ut natus incidunt et ipsam qui reprehenderit.',4,'2018-02-12 11:10:10','2018-02-12 11:10:10'),
	(6,29,'Salma Rippin','Blanditiis animi quia quis impedit autem voluptatem. Et et voluptatem expedita non ut qui omnis. Quasi aut explicabo labore maiores. Nemo commodi nihil dolor ut dolores esse.',3,'2018-02-12 11:10:10','2018-02-12 11:10:10'),
	(7,33,'Lowell Welch DDS','Ipsam sunt exercitationem excepturi molestiae perferendis aspernatur. Nostrum doloremque aliquid deserunt qui aut. Vitae in aspernatur ipsam minus mollitia architecto molestias enim.',1,'2018-02-12 11:10:10','2018-02-12 11:10:10'),
	(8,42,'Odessa Gislason','Nostrum vel et deserunt dolor aut placeat. Minus ipsum libero odit ad tenetur. Eos cum deserunt alias ut rem.',3,'2018-02-12 11:10:10','2018-02-12 11:10:10'),
	(9,24,'Art Ratke Sr.','Sequi similique veritatis nemo. Quo ipsum ut et. Ad enim laudantium ullam hic molestias id quo dolore.',2,'2018-02-12 11:10:10','2018-02-12 11:10:10'),
	(10,4,'Mattie Will','Commodi dolor consequatur et omnis et suscipit aliquam. Earum distinctio aut sunt dolores placeat sed. Ipsam architecto velit quod rerum tempora ut ut.',4,'2018-02-12 11:10:10','2018-02-12 11:10:10'),
	(11,2,'Miss Genoveva Ortiz I','Rerum iure odit sed aut dicta et. Magnam qui est repellat expedita maiores est magnam fugiat. Dolorum enim sapiente ipsa dicta.',4,'2018-02-12 11:10:10','2018-02-12 11:10:10'),
	(12,5,'Prof. Eliseo Herman','Velit est labore aperiam voluptatem autem necessitatibus. Magnam qui ullam earum voluptas non autem. Et id quod rerum exercitationem incidunt non.',4,'2018-02-12 11:10:10','2018-02-12 11:10:10'),
	(13,28,'Gudrun Stanton','Corporis facilis blanditiis non. Qui nemo ratione et beatae et tempore nisi. Dolores qui eaque vero ex.',1,'2018-02-12 11:10:10','2018-02-12 11:10:10'),
	(14,44,'Tania Turner','Assumenda beatae voluptas esse quae facere eos. Fugiat ex voluptatem debitis ex totam. Illum excepturi inventore ut aut. Perspiciatis atque ea nam explicabo saepe sed. Laborum sunt esse dolor est ut asperiores est.',3,'2018-02-12 11:10:10','2018-02-12 11:10:10'),
	(15,40,'Dr. Moses Monahan','Earum magnam perspiciatis tempora neque qui ad. Amet doloremque et veritatis quos et. Est praesentium quia vero autem.',3,'2018-02-12 11:10:10','2018-02-12 11:10:10'),
	(16,47,'Marlin Bartell','Quidem dolores iste sed quibusdam. Perferendis exercitationem enim similique blanditiis necessitatibus nam repellendus. Aut illo aut qui. Facere quisquam similique iste consequatur labore. Qui repellat voluptatum assumenda qui odio a debitis.',2,'2018-02-12 11:10:10','2018-02-12 11:10:10'),
	(17,23,'Ashleigh Mann','Accusamus dolores quia odit laudantium. Necessitatibus esse et magnam quidem. Nesciunt cupiditate soluta hic.',1,'2018-02-12 11:10:10','2018-02-12 11:10:10'),
	(18,14,'Brenna Ortiz','Voluptatum aut tempore beatae est quis omnis. Distinctio quibusdam earum explicabo iure quas praesentium.',5,'2018-02-12 11:10:10','2018-02-12 11:10:10'),
	(19,43,'Ted Hagenes','Et rerum iusto ratione id. Sed eum illum deleniti voluptatem debitis quia. Aut ducimus placeat facilis assumenda sint quisquam. Deserunt perspiciatis doloremque ut alias voluptates.',5,'2018-02-12 11:10:10','2018-02-12 11:10:10'),
	(20,13,'Constantin Leffler','Veritatis sint consequatur excepturi deleniti tenetur. Ex odit quis aut in perferendis sapiente. Delectus quis consequatur autem alias distinctio veniam debitis nihil. Aspernatur ex nesciunt qui iste ipsa nobis. Ut porro nostrum assumenda ut.',1,'2018-02-12 11:10:10','2018-02-12 11:10:10'),
	(21,12,'Jamar Marvin','Omnis ipsa ea ad accusamus ut et quae. Beatae natus voluptas exercitationem praesentium cupiditate. At reprehenderit eligendi consequatur maiores ut unde. Necessitatibus qui aut omnis deleniti explicabo quis.',4,'2018-02-12 11:10:10','2018-02-12 11:10:10'),
	(22,17,'Kara Torp IV','Iste quisquam soluta ut sit nulla dolore nulla aliquam. Similique provident minus quia perferendis esse ut et. Ducimus quo id non eum voluptate. Rerum sed non ab porro consequatur provident.',2,'2018-02-12 11:10:10','2018-02-12 11:10:10'),
	(23,12,'Vada Schowalter','Rem ab commodi commodi iure placeat excepturi omnis. Ullam iusto unde voluptatem. Qui cumque ullam voluptatem ducimus eaque voluptatem perferendis.',3,'2018-02-12 11:10:10','2018-02-12 11:10:10'),
	(24,14,'Florine Schiller','Ut quia est suscipit officiis. Tempore tenetur ut expedita qui rerum et consectetur qui. Quam et provident quia sed. Consequatur non voluptatem aspernatur modi. Nulla recusandae labore iste nihil mollitia et.',2,'2018-02-12 11:10:10','2018-02-12 11:10:10'),
	(25,17,'Miss Sydnee Gaylord','Est aut aut fugit consectetur veritatis possimus. Cupiditate commodi consequatur quisquam corporis et aut. Veritatis quisquam nam dolor voluptas. Porro quasi repellendus necessitatibus assumenda et.',5,'2018-02-12 11:10:10','2018-02-12 11:10:10'),
	(26,14,'Stacy Dare','Sit ex veniam velit fugiat. Reiciendis unde voluptatem commodi culpa.',1,'2018-02-12 11:10:10','2018-02-12 11:10:10'),
	(27,44,'Prof. Barton Marquardt','Ab id pariatur soluta vel. Excepturi consequatur dolorum non quo dolores quo quae et. Sunt minima voluptatem enim rem et quia cupiditate. Aut omnis praesentium eos vitae labore qui et. Mollitia adipisci suscipit nisi est.',0,'2018-02-12 11:10:10','2018-02-12 11:10:10'),
	(28,47,'Prof. Finn Armstrong III','Ut quam veniam reprehenderit quod ut asperiores. Laudantium laudantium optio qui voluptates sapiente vitae. Repellendus et rerum consectetur vero enim et.',3,'2018-02-12 11:10:10','2018-02-12 11:10:10'),
	(29,23,'Prof. Jordon Heidenreich III','Iste officiis accusamus quae non tempore voluptatum modi. Libero officiis unde quis ratione. Ipsum perferendis vero ipsa sint pariatur. Mollitia id libero molestias molestiae.',1,'2018-02-12 11:10:10','2018-02-12 11:10:10'),
	(30,41,'Ms. Anahi Bergstrom Sr.','Veritatis voluptate tempore sapiente porro. Praesentium doloremque est est qui repellendus. Dolore maxime consequuntur illo quam deleniti asperiores. Quia facere reiciendis laborum.',4,'2018-02-12 11:10:10','2018-02-12 11:10:10'),
	(31,25,'Fernando Ortiz','Quae voluptas nemo deserunt reprehenderit. Distinctio enim corporis quod aut quod. Ipsum est nam ut et. Vitae et sint deserunt beatae.',1,'2018-02-12 11:10:10','2018-02-12 11:10:10'),
	(32,44,'Crystal Huels','Consequatur quo quod consequatur nesciunt optio distinctio. Omnis eum quos non error. Dolorem ex iusto eveniet aut veniam. Delectus quia eos et adipisci qui.',5,'2018-02-12 11:10:10','2018-02-12 11:10:10'),
	(33,4,'Juvenal Cummings','Modi aliquam vel mollitia quidem sunt quis corrupti. Consequatur eaque et autem. Blanditiis soluta voluptatem commodi rerum tempora. Magni natus voluptatibus velit ad deleniti. Et quaerat optio animi ipsam dolorem ut.',1,'2018-02-12 11:10:10','2018-02-12 11:10:10'),
	(34,32,'Valerie Jakubowski','Commodi sit ut itaque quis. Qui est voluptatum perferendis incidunt ut possimus at. Deserunt sapiente quibusdam ea sit. Sed architecto eveniet quia qui officia aliquid libero.',1,'2018-02-12 11:10:10','2018-02-12 11:10:10'),
	(35,6,'Ewell Cremin III','Quia tempora aliquid velit aliquam. Similique natus nisi dolorum tempore amet quasi ut. Est est vel cum maxime consequatur doloribus aliquid. Occaecati et qui vel non.',5,'2018-02-12 11:10:10','2018-02-12 11:10:10'),
	(36,12,'Kraig Upton','Neque in esse aliquid quas. Nemo est ut animi nihil ut in ea. Quasi ut ut magni delectus. Consectetur dolor velit aut ipsam natus ut dolores.',3,'2018-02-12 11:10:10','2018-02-12 11:10:10'),
	(37,16,'Prof. Wilford Hudson','Enim rerum et magnam qui. Mollitia dolorem optio omnis molestias tenetur qui soluta. Beatae et alias nihil. Omnis molestiae vitae et voluptas aut est ut.',5,'2018-02-12 11:10:10','2018-02-12 11:10:10'),
	(38,18,'Jody Ryan','Voluptas illum ut beatae quis rerum. Earum quidem provident accusantium est sint aliquid vero. Id earum quis sint delectus dolore.',4,'2018-02-12 11:10:10','2018-02-12 11:10:10'),
	(39,26,'Dr. Letha Corkery','Et quis ducimus non dignissimos laborum qui. Neque voluptatem illum est fugiat. Qui sunt tempora alias ut architecto.',0,'2018-02-12 11:10:10','2018-02-12 11:10:10'),
	(40,31,'Mr. Estevan Keebler','Quo eum est odio eum nesciunt quam. Velit qui soluta adipisci architecto consequuntur molestiae. Molestias aliquid et ducimus distinctio voluptas nesciunt rerum. Tempora labore in eaque illo illo tempore velit.',3,'2018-02-12 11:10:10','2018-02-12 11:10:10'),
	(41,39,'Edmund Swift','Et mollitia odio et ut quia placeat consequatur quidem. Reiciendis omnis ducimus error perspiciatis quia porro quibusdam. Quas sunt aut dicta. Quaerat unde voluptatem autem sapiente. Quia dolorem laborum harum sed nostrum.',5,'2018-02-12 11:10:10','2018-02-12 11:10:10'),
	(42,16,'Noemi Kuhic','Mollitia repellat explicabo sint. Temporibus aut sequi officiis architecto aut ratione. Dolorem quia molestiae voluptatum doloribus et.',0,'2018-02-12 11:10:10','2018-02-12 11:10:10'),
	(43,24,'Prof. Shanna Dietrich','Repellat ipsum sapiente sed et doloribus quaerat. Et optio fugit consequuntur nulla dolores rem perferendis. Perspiciatis id error illo facilis non. Consequatur voluptatem dolore cumque.',3,'2018-02-12 11:10:10','2018-02-12 11:10:10'),
	(44,40,'Dr. Josh Balistreri','Quia nihil ipsum omnis. Earum aut sint omnis numquam soluta rem excepturi. Molestias aut minima sunt eos vero voluptatum aliquid. Qui aut blanditiis veniam omnis.',1,'2018-02-12 11:10:10','2018-02-12 11:10:10'),
	(45,39,'Marquise Hessel V','Corrupti provident est sit commodi voluptas eos quia. Eligendi placeat ut nisi quam voluptates aut. Dolores qui atque ex et et repellat. Repellat laboriosam autem deleniti at harum omnis voluptates. Et itaque id nihil ex facere.',3,'2018-02-12 11:10:10','2018-02-12 11:10:10'),
	(46,6,'Leopold Durgan III','Assumenda ipsam tempora aliquid pariatur distinctio perferendis esse repellat. Error distinctio omnis tempore excepturi. Itaque inventore accusantium cum placeat deleniti et quia recusandae. Ea ut et et repellat qui omnis omnis aut.',1,'2018-02-12 11:10:10','2018-02-12 11:10:10'),
	(47,15,'Ms. Kari Gibson','Consectetur et culpa accusantium. Harum ut qui eaque ex laudantium consequuntur. Quasi aut voluptatum rerum sed minus culpa vitae. Voluptates eum repellendus in et nemo rerum ipsa.',4,'2018-02-12 11:10:10','2018-02-12 11:10:10'),
	(48,6,'Mr. Eliseo Jacobs V','Necessitatibus vel quis officia beatae quia laudantium culpa. Laborum quibusdam iure labore est voluptas dolorem. Officiis minus ipsa maxime vel ea quis quasi. Et a eos non aliquam. Aut fuga sapiente ad nesciunt.',5,'2018-02-12 11:10:10','2018-02-12 11:10:10'),
	(49,2,'Alayna Lang DDS','Laborum eaque libero recusandae labore rem alias non. Natus error facilis a consequuntur reprehenderit. Neque a animi voluptates dolor in numquam et. Qui neque aspernatur nobis maiores similique sed.',4,'2018-02-12 11:10:10','2018-02-12 11:10:10'),
	(50,38,'Russel Streich','Velit quia odit doloribus impedit esse assumenda. Rerum voluptatem magnam fuga non nostrum consequatur beatae soluta. Veniam eligendi dignissimos aut repellat nihil et. Est laboriosam dolorem est accusamus suscipit.',4,'2018-02-12 11:10:10','2018-02-12 11:10:10'),
	(51,15,'Prof. Kathryn Reichert II','Veritatis et qui animi laboriosam ut non. Recusandae magnam doloremque sapiente officia sunt modi dicta laboriosam. Tempore voluptates iure ea non deleniti sit. Veritatis et sed soluta ad occaecati.',2,'2018-02-12 11:10:10','2018-02-12 11:10:10'),
	(52,15,'Kristofer Kovacek','Architecto rem harum provident sed consectetur sunt omnis est. Illum rerum a et eum amet rerum veniam. Unde rerum id sit corrupti esse veritatis. Qui minima sequi sequi hic minus tempore amet.',5,'2018-02-12 11:10:10','2018-02-12 11:10:10'),
	(53,22,'Lavon Davis','Enim non ipsum qui eaque qui minus voluptatum. Molestiae voluptatem officia quia nostrum provident. Ea vel aut maxime provident repellat voluptate voluptatum. Quo aut optio expedita nihil.',3,'2018-02-12 11:10:10','2018-02-12 11:10:10'),
	(54,25,'Prof. Estrella Jakubowski','Consectetur accusantium ea accusamus in dolorum excepturi repellat architecto. Voluptatem hic dignissimos aut. Odit et est totam natus. Odio consequatur similique omnis eius omnis.',0,'2018-02-12 11:10:10','2018-02-12 11:10:10'),
	(55,28,'Dr. Murphy Williamson IV','Et molestiae mollitia quo quidem quia quia. Qui ipsam voluptate voluptatem tenetur exercitationem. Beatae voluptate et ab accusantium quis explicabo minus.',5,'2018-02-12 11:10:10','2018-02-12 11:10:10'),
	(56,24,'Lucie Nicolas','Quia laudantium quos libero. Accusantium itaque enim rerum blanditiis dignissimos qui aut repudiandae. Esse repellendus impedit et impedit qui explicabo. Dolor officia eos qui sed delectus minus et magni. Dolor officia et est non dolorem.',1,'2018-02-12 11:10:10','2018-02-12 11:10:10'),
	(57,47,'Mrs. Janelle Lang','Laudantium facere fugit deleniti ut qui. Autem repellat qui suscipit ab sint eaque. Tempore quasi sit ut quas repellat autem. Ipsum dolor exercitationem tenetur atque modi libero et est.',0,'2018-02-12 11:10:10','2018-02-12 11:10:10'),
	(58,14,'Abbie Erdman III','Quis ut molestias nihil ipsa velit ea aspernatur. Repellendus dolor assumenda esse aut. Assumenda atque commodi voluptas.',2,'2018-02-12 11:10:10','2018-02-12 11:10:10'),
	(59,17,'Eulalia Roberts','Cum quisquam eius ea aut molestiae eaque vero error. Et non labore reprehenderit consequuntur provident expedita. Sit quibusdam enim quidem sit ducimus architecto est. Quibusdam nihil non ut ducimus et voluptates earum.',4,'2018-02-12 11:10:10','2018-02-12 11:10:10'),
	(60,30,'Prof. Bradly Hane IV','Suscipit minima ea repellat ducimus asperiores. Consequuntur porro eaque est nam. Soluta explicabo est facere eos. Natus sunt labore autem officiis.',5,'2018-02-12 11:10:10','2018-02-12 11:10:10'),
	(61,38,'Gage Waters II','Enim consectetur nobis ea omnis fugit sint. Consequatur earum atque saepe molestiae beatae tempora omnis odio. Optio aut fugit repellat consequatur magnam. Quisquam molestiae nam omnis sed dolor.',3,'2018-02-12 11:10:10','2018-02-12 11:10:10'),
	(62,34,'Giles Hilll IV','Voluptatem laudantium quis quo et fugit. Aliquam alias ea sit aspernatur. Ut molestiae beatae qui sequi aliquam. Sequi qui quasi ut aut harum vel consequatur.',4,'2018-02-12 11:10:10','2018-02-12 11:10:10'),
	(63,38,'Nellie Roberts DDS','Dolore eius quia omnis. Assumenda amet molestiae sapiente sequi. Qui occaecati vel dolorem perferendis nulla.',4,'2018-02-12 11:10:10','2018-02-12 11:10:10'),
	(64,18,'Bella Wuckert','Quia dolorem iure voluptas qui et. Incidunt repellendus sit autem aut perspiciatis. Iure suscipit totam ea quas perferendis accusamus. Sunt culpa autem veritatis nostrum est odio.',1,'2018-02-12 11:10:10','2018-02-12 11:10:10'),
	(65,47,'Samanta Tremblay','Eveniet inventore voluptas aliquam voluptates. Consequuntur maiores expedita dolorem nulla alias impedit molestiae. Ratione nam consequatur praesentium dolorem repudiandae numquam. Necessitatibus facilis doloribus doloribus adipisci.',4,'2018-02-12 11:10:10','2018-02-12 11:10:10'),
	(66,24,'Sylvester Gleichner','In qui a et velit et reprehenderit non. Neque aut officiis esse veniam qui iure. Ipsum quis non eos a. Velit quia et id voluptas consectetur et repellat.',0,'2018-02-12 11:10:10','2018-02-12 11:10:10'),
	(67,36,'Jeromy Christiansen II','Corporis consequatur sed accusamus aut aut est nihil. Nam autem omnis voluptatem quia quasi. Pariatur qui voluptatem quod earum animi ea eveniet.',5,'2018-02-12 11:10:10','2018-02-12 11:10:10'),
	(68,7,'Amani Purdy','Et tempore minima iusto. Omnis aperiam mollitia non cumque officiis. Non nostrum sapiente quibusdam fugiat. Fugiat sit itaque facere.',0,'2018-02-12 11:10:10','2018-02-12 11:10:10'),
	(69,5,'Prof. Howard Schmeler II','Esse et velit illum in doloribus numquam qui fugit. Et cum est ut rerum labore quis optio magnam. Officiis ex perferendis voluptatem natus et perferendis. Ut nisi ullam eius qui provident repellendus dolor velit. Quis est quasi sed tenetur qui explicabo voluptas at.',3,'2018-02-12 11:10:10','2018-02-12 11:10:10'),
	(70,50,'Dallin Littel','Praesentium quis rem dolore provident. Qui ut consequatur maiores quibusdam nostrum omnis quibusdam. Quia voluptates aut accusantium accusamus et.',4,'2018-02-12 11:10:10','2018-02-12 11:10:10'),
	(71,24,'Maudie Ritchie','Rem in officia animi quia ipsum aut. Suscipit sapiente consequuntur explicabo accusamus voluptatem aut. Incidunt sit ad aut. Voluptates laboriosam culpa dolor aut perspiciatis molestias nemo.',4,'2018-02-12 11:10:10','2018-02-12 11:10:10'),
	(72,6,'Esta Blanda Jr.','Labore et vitae occaecati voluptas. Sit nam dolor voluptas architecto. Consequatur odit praesentium et in sit.',4,'2018-02-12 11:10:10','2018-02-12 11:10:10'),
	(73,3,'Freddie Lemke','Ea iure tempora voluptatibus nam. Minima itaque sed molestiae consequuntur et et deleniti. Ipsum voluptatibus ex impedit et vel fugit aut. Doloribus et maiores quis numquam facilis.',3,'2018-02-12 11:10:10','2018-02-12 11:10:10'),
	(74,23,'Emmett Kutch','Fuga est facilis perspiciatis officia quo. Aut at et corrupti fuga cumque consectetur consequatur. Qui tenetur ut culpa placeat.',4,'2018-02-12 11:10:10','2018-02-12 11:10:10'),
	(75,37,'Hulda Dicki','Suscipit assumenda id molestiae alias error fugiat ipsum. Quod et est officia id voluptas rerum. Dolorem modi sed corrupti harum nobis saepe.',4,'2018-02-12 11:10:10','2018-02-12 11:10:10'),
	(76,5,'Shaylee Schaefer','Debitis et blanditiis ipsam sed architecto dicta. Aliquid quia cum voluptates voluptatem qui deleniti quis eaque. Sequi commodi expedita quisquam doloribus vitae maiores doloremque. Mollitia omnis unde deleniti rerum aut voluptas.',5,'2018-02-12 11:10:10','2018-02-12 11:10:10'),
	(77,46,'Mr. Clement Spinka DVM','Omnis possimus in non inventore et rerum iste. Voluptatem et assumenda doloribus.',3,'2018-02-12 11:10:10','2018-02-12 11:10:10'),
	(78,47,'Wilhelmine Sauer','Dignissimos cupiditate voluptas ut omnis. Pariatur dicta ea est. Perspiciatis vitae neque consequatur. Vero sed culpa facilis veritatis. Rerum sed ab voluptatem ullam eveniet deserunt dolorum illo.',2,'2018-02-12 11:10:10','2018-02-12 11:10:10'),
	(79,46,'Prof. Carter Beer','Aut dolorem velit hic ipsam. Quidem optio voluptatem natus sunt voluptatum iusto vel. Incidunt maxime corporis dolorem animi consequatur dolor.',0,'2018-02-12 11:10:10','2018-02-12 11:10:10'),
	(80,19,'Dr. Leif Jast PhD','Dolores est voluptatem aut facilis aspernatur. Quasi cum inventore sapiente aliquid totam. Voluptas fugiat vel consequatur et et omnis. Suscipit autem sunt voluptas incidunt esse dolores nemo.',1,'2018-02-12 11:10:10','2018-02-12 11:10:10'),
	(81,19,'Fredrick Will III','Commodi tenetur dolorem voluptatibus ad et velit ullam. A ipsam laboriosam minus ut tempore architecto aliquam. Voluptatum saepe sit accusamus laborum delectus facilis.',0,'2018-02-12 11:10:10','2018-02-12 11:10:10'),
	(82,36,'Kristy Wolff','Expedita minus in repellat ducimus. Odit occaecati et sit ratione veniam optio molestias debitis. Numquam accusantium dolorem eum ut.',4,'2018-02-12 11:10:10','2018-02-12 11:10:10'),
	(83,46,'Christine Greenholt','Et iste veritatis sit delectus fuga debitis assumenda. Sunt praesentium laborum officia aut autem in perspiciatis. Quasi repellat voluptatem dolores odio sunt itaque. Sed aut sed eligendi sint in.',2,'2018-02-12 11:10:10','2018-02-12 11:10:10'),
	(84,32,'Rick Kunde DVM','Tenetur voluptas perferendis quibusdam quae nostrum vero esse. Reprehenderit quidem nemo vero inventore officia aut dolores. Expedita qui et magni aut qui. Dolorem aut voluptates suscipit.',4,'2018-02-12 11:10:10','2018-02-12 11:10:10'),
	(85,12,'Mr. Lucio Cartwright MD','Impedit autem beatae ea. Id architecto atque maiores perspiciatis iusto amet voluptatibus. Qui autem delectus voluptatem in repellat ut nihil.',3,'2018-02-12 11:10:10','2018-02-12 11:10:10'),
	(86,4,'Mr. Jon Dach IV','Occaecati dolores eum dicta eos animi explicabo. Ex est voluptatibus quidem quod non. Qui excepturi dolorem libero. Repellendus laboriosam et sit consectetur hic quia consequatur. Aut quam quia asperiores ipsa quo ut necessitatibus voluptate.',2,'2018-02-12 11:10:10','2018-02-12 11:10:10'),
	(87,49,'Elna Goodwin','Labore maiores ea rerum voluptas aut laudantium quae. Saepe perspiciatis itaque odit.',4,'2018-02-12 11:10:10','2018-02-12 11:10:10'),
	(88,35,'Theodora Hintz','Adipisci aut porro hic. Voluptatibus dolorum consequatur autem sapiente dolor itaque praesentium. Libero quia tempore tempora voluptates nisi soluta inventore et. Repellendus fugit consectetur velit reprehenderit praesentium et eveniet rem.',5,'2018-02-12 11:10:10','2018-02-12 11:10:10'),
	(89,25,'Mr. Pete Wolff','Non dolore dolor eos officiis quod animi. Quas laborum exercitationem quo excepturi maiores enim. Velit aperiam ipsam et iusto tempore commodi delectus.',2,'2018-02-12 11:10:10','2018-02-12 11:10:10'),
	(90,16,'Vanessa Lindgren','Saepe sapiente consequatur quia reprehenderit. Eum accusamus libero suscipit ea quia. Sint totam eveniet velit amet distinctio architecto occaecati. Nemo quos dolorem aperiam non tempora atque.',4,'2018-02-12 11:10:10','2018-02-12 11:10:10'),
	(91,20,'Issac Ortiz','Aut optio incidunt et aspernatur quia nisi. Accusantium similique quibusdam dolor totam dolor fuga. Voluptas rerum alias aut animi explicabo. Quis eligendi corporis rerum est architecto dolores. Aut autem nam iure sit.',2,'2018-02-12 11:10:10','2018-02-12 11:10:10'),
	(92,47,'Ned Littel','Quod ipsum dolorem amet sint accusamus et. Aspernatur ut enim iste minus quia. Ipsam ipsa reiciendis facere.',1,'2018-02-12 11:10:10','2018-02-12 11:10:10'),
	(93,3,'Prof. Erwin Bergnaum II','Ut distinctio placeat nostrum qui rerum sunt. Id repudiandae ut a sapiente. Nulla quia delectus magni est repudiandae adipisci aut non. Saepe adipisci omnis qui sit nobis quo.',0,'2018-02-12 11:10:10','2018-02-12 11:10:10'),
	(94,45,'Verna Herzog','Fugit aliquam occaecati animi sit qui. Eveniet omnis sapiente sapiente nesciunt sint eos. Eligendi maxime non quo enim animi iusto eveniet veniam. Repellendus in in temporibus ut vero.',4,'2018-02-12 11:10:10','2018-02-12 11:10:10'),
	(95,12,'Justyn VonRueden','Iste nemo optio tempore ullam. Ut cum incidunt quo autem. Quia voluptatem inventore culpa velit.',3,'2018-02-12 11:10:10','2018-02-12 11:10:10'),
	(96,44,'Dr. Sammie Prohaska','Nemo aperiam ab similique sunt reprehenderit veniam molestias. Est in ut id. Aut quia sapiente unde aspernatur possimus quaerat aut.',5,'2018-02-12 11:10:10','2018-02-12 11:10:10'),
	(97,5,'Prof. Chelsey Rippin V','Autem omnis iusto placeat ex aliquid voluptatem hic. Ut consequatur ipsa dolor debitis similique libero iste. Tempora aut dolore et eum.',3,'2018-02-12 11:10:10','2018-02-12 11:10:10'),
	(98,18,'Shanie Hagenes','Quam tempore et dolorem commodi nam architecto repellat. Eos voluptas facere rerum vel vel dicta. Ea dolores nemo accusamus fugit ducimus recusandae quibusdam.',4,'2018-02-12 11:10:10','2018-02-12 11:10:10'),
	(99,49,'Tamia Emard','Iste nostrum qui delectus. Quisquam nisi minus asperiores vel. Est nesciunt dolor fugiat et rerum sunt consequatur. Doloribus itaque ex magnam sint.',2,'2018-02-12 11:10:10','2018-02-12 11:10:10'),
	(100,33,'Laverna Jones','Aut magnam impedit aliquid ab. Sint sint qui voluptatem odio. Sint vel odit amet voluptates ut molestias veritatis. Occaecati modi quis voluptatem est nisi animi.',1,'2018-02-12 11:10:10','2018-02-12 11:10:10'),
	(101,41,'Mrs. Thora Zemlak V','Sunt quam aut atque et. Aut aut soluta aut qui mollitia qui amet. Magni quibusdam deleniti ducimus natus inventore deleniti. Sequi magnam dignissimos tempora veritatis.',3,'2018-02-12 11:10:10','2018-02-12 11:10:10'),
	(102,1,'August Lakin','Et officiis corrupti enim dolor voluptatem. Omnis est aut est dolore atque soluta illo. Aut et et nemo necessitatibus reiciendis illo in quia. Distinctio beatae eligendi saepe omnis officia.',0,'2018-02-12 11:10:10','2018-02-12 11:10:10'),
	(103,1,'Cathrine Dietrich DVM','Quia nesciunt eius repellat ea maxime velit. Cum iste debitis deleniti atque beatae quis molestiae. Molestiae omnis non quo quaerat.',1,'2018-02-12 11:10:10','2018-02-12 11:10:10'),
	(104,43,'Dr. Milton Beatty Sr.','Est repellat sequi nemo quis laudantium quod doloremque. Esse sint explicabo eligendi nobis deserunt tempora voluptatem. Autem vel culpa delectus et.',4,'2018-02-12 11:10:10','2018-02-12 11:10:10'),
	(105,12,'Mrs. Santina Wintheiser MD','Optio id adipisci quo qui quo sint ea. Totam vel quia omnis quibusdam. Hic eos non sunt consequatur.',5,'2018-02-12 11:10:10','2018-02-12 11:10:10'),
	(106,50,'Jerome Gottlieb','Rerum blanditiis et aut ut laboriosam repellendus. Veritatis aut quia qui sint alias. Rerum illum sed cumque et rerum neque quasi.',2,'2018-02-12 11:10:10','2018-02-12 11:10:10'),
	(107,48,'Cyril Waters','Quidem totam corporis doloremque nihil autem et repellendus. Eum aliquam est sed et reprehenderit qui quisquam laborum. Autem unde mollitia iure suscipit ut expedita aliquid consequatur. Aut quam nulla corrupti temporibus quibusdam quasi nemo. Autem debitis consequatur et eum earum quod.',4,'2018-02-12 11:10:10','2018-02-12 11:10:10'),
	(108,11,'Ms. Pearline Ondricka V','Quia maxime sint qui vel dolorem et. Adipisci assumenda vel quasi et eveniet ducimus repellat.',2,'2018-02-12 11:10:10','2018-02-12 11:10:10'),
	(109,46,'Whitney Osinski Sr.','Et et sapiente beatae dolores. Officiis voluptate quibusdam ut provident rerum vel ea deleniti. Sequi est sapiente dolor quia.',3,'2018-02-12 11:10:10','2018-02-12 11:10:10'),
	(110,33,'Ms. Else Reilly','Est at error qui quod velit consequatur molestiae. Eum voluptatem in sed et ipsum. Nemo dicta quam temporibus corporis voluptas unde. Saepe id asperiores aspernatur ea.',1,'2018-02-12 11:10:10','2018-02-12 11:10:10'),
	(111,29,'Rozella Waelchi','Neque voluptas ea enim et. Reiciendis perferendis alias quia sint odit praesentium consequatur. Inventore amet consectetur est aut quasi. Deserunt quia qui doloremque sit ad reiciendis qui.',3,'2018-02-12 11:10:10','2018-02-12 11:10:10'),
	(112,36,'Quentin Gerlach DDS','Ex ipsa quo in quia ex in. Quis facilis nesciunt quis laborum eveniet ipsum tempora architecto. Non corrupti dolorem sunt temporibus hic aut. Et qui illo molestiae est et.',3,'2018-02-12 11:10:10','2018-02-12 11:10:10'),
	(113,3,'Walton Kutch','Reprehenderit animi iure asperiores incidunt et debitis voluptatem. Quam natus ea hic in nam. Aliquam voluptatem officia odio facere eligendi quia harum. Odio quia perferendis dolores odit.',2,'2018-02-12 11:10:10','2018-02-12 11:10:10'),
	(114,37,'Suzanne Baumbach','Quia molestiae quis architecto veritatis vel. Dolor et sunt cum id animi exercitationem ea. Sapiente nobis laborum magni. Beatae vitae assumenda impedit.',5,'2018-02-12 11:10:10','2018-02-12 11:10:10'),
	(115,37,'Ola Buckridge','Est et fuga soluta laudantium. Eaque cum placeat aut excepturi et. Et eum temporibus eligendi et.',2,'2018-02-12 11:10:10','2018-02-12 11:10:10'),
	(116,45,'Prof. Green Reynolds II','Voluptatum sint nesciunt enim rerum maiores illo. Vel perferendis error reiciendis adipisci dolores voluptatem quis ut. Enim deleniti sit modi libero soluta.',2,'2018-02-12 11:10:10','2018-02-12 11:10:10'),
	(117,2,'Houston Walter MD','Qui quidem doloremque nostrum magnam id. Provident magni accusamus magnam consectetur sint quia. Fugiat nostrum fugiat ut omnis vel deserunt et. Omnis excepturi deleniti sequi maiores sint qui.',3,'2018-02-12 11:10:10','2018-02-12 11:10:10'),
	(118,42,'Wilhelm Stamm','Error asperiores qui porro aut. Corrupti et culpa quasi laudantium excepturi exercitationem. Sed eveniet quia laboriosam animi repellat.',2,'2018-02-12 11:10:10','2018-02-12 11:10:10'),
	(119,14,'Mr. Reagan Mayert MD','Accusantium possimus perspiciatis exercitationem adipisci dolorem tempora provident. Provident repellendus dicta omnis. Quo placeat consectetur totam quisquam porro perferendis.',1,'2018-02-12 11:10:10','2018-02-12 11:10:10'),
	(120,47,'Mr. Adam Wyman','Voluptatem voluptatem in temporibus nesciunt maiores. Minima voluptatum in incidunt voluptatem saepe occaecati in. Quo et odio commodi vel.',4,'2018-02-12 11:10:10','2018-02-12 11:10:10'),
	(121,42,'Mabel Braun','Sequi eos assumenda quo est vel. Dicta et voluptatem qui. Facere est veniam repellendus officia ut eligendi autem quas.',2,'2018-02-12 11:10:10','2018-02-12 11:10:10'),
	(122,5,'Domenico Kunde','Est ipsam cum enim impedit id. Itaque et voluptatem nulla perferendis repellat. Assumenda et quasi temporibus. Dolor ducimus consequatur ea quia. Praesentium eos nihil quia.',0,'2018-02-12 11:10:10','2018-02-12 11:10:10'),
	(123,45,'Elouise Farrell','Dolores quia enim ut veniam dolore quae. Doloremque eligendi tempora sed. Natus veniam sapiente quaerat rem. Pariatur non eum id rerum magni tempora.',5,'2018-02-12 11:10:10','2018-02-12 11:10:10'),
	(124,22,'Delta Smith Sr.','Cumque eum recusandae et mollitia ut quo aut. Soluta ratione temporibus aut explicabo et. Rem eum ea sequi pariatur debitis veritatis qui.',4,'2018-02-12 11:10:10','2018-02-12 11:10:10'),
	(125,12,'Isaiah Kuhlman','Quisquam nostrum labore ipsa ea non. Adipisci ut vel ex aut repellendus dolor sapiente quidem. Ab temporibus officiis ipsa aut eos eveniet.',4,'2018-02-12 11:10:10','2018-02-12 11:10:10'),
	(126,16,'Dr. Devyn Kohler','Et aliquam quia sed iure rem vel reiciendis. Pariatur facere ipsum eligendi fugiat. Sit dolores dicta quia ex omnis dolores.',0,'2018-02-12 11:10:10','2018-02-12 11:10:10'),
	(127,32,'Alexane Metz','Tenetur ut iste assumenda qui sint corporis quia. Non officia magni tempora molestiae quo ea totam. Voluptatem ab a et omnis.',3,'2018-02-12 11:10:10','2018-02-12 11:10:10'),
	(128,3,'Ms. Ruthe Reichel DDS','Quisquam quisquam suscipit vel dolorum officia. Cupiditate dolor omnis aut in dolore quia voluptatem. Praesentium voluptas vero vitae earum veritatis rem pariatur tempore. Quibusdam esse ut inventore sint fugit.',1,'2018-02-12 11:10:10','2018-02-12 11:10:10'),
	(129,26,'Dr. Jovanny Koelpin II','Et sed laudantium voluptate ad blanditiis. Nisi iusto repudiandae aut. Consequatur saepe ab est repellendus. Natus necessitatibus ut deserunt accusamus qui.',4,'2018-02-12 11:10:10','2018-02-12 11:10:10'),
	(130,44,'Dr. Frederic Spencer PhD','Tempore laboriosam necessitatibus perferendis aliquid officia. Quis atque incidunt praesentium est. Provident eos dicta temporibus omnis.',5,'2018-02-12 11:10:10','2018-02-12 11:10:10'),
	(131,37,'Dr. Agustin Keeling DDS','Provident quia numquam quis est eos qui similique enim. Molestiae adipisci voluptas laudantium totam accusamus nostrum pariatur blanditiis. Tempora vitae omnis facere odit magnam rerum. Quia sequi nobis magnam id dolorem rerum et quia. Corrupti magnam et quia enim molestiae iusto.',0,'2018-02-12 11:10:10','2018-02-12 11:10:10'),
	(132,43,'Micheal Stehr','Sint cum est rerum necessitatibus dolor. Aliquid ut ab est. Deleniti error et ut autem voluptate et.',1,'2018-02-12 11:10:10','2018-02-12 11:10:10'),
	(133,17,'Nathaniel Schneider Jr.','Aut fugit dolore eos earum maxime id. Dignissimos sapiente dignissimos cum.',0,'2018-02-12 11:10:10','2018-02-12 11:10:10'),
	(134,31,'Lawrence Kassulke','Nihil non dolor et sunt. In quia iure perspiciatis architecto vitae dolores. Incidunt vel est rerum dolorem sint et. Quo illo tempora error non deserunt.',3,'2018-02-12 11:10:10','2018-02-12 11:10:10'),
	(135,28,'Prof. Shayne Abshire','Et itaque eum earum voluptatum sunt facere labore. Fugiat quia et ab placeat excepturi magni possimus. Natus corrupti cupiditate rerum doloremque qui.',0,'2018-02-12 11:10:10','2018-02-12 11:10:10'),
	(136,29,'Chauncey Krajcik MD','Ut nostrum animi tenetur molestias consequuntur itaque molestias. Quia ut debitis perferendis maxime. Facere quae eveniet sed tenetur veniam.',5,'2018-02-12 11:10:10','2018-02-12 11:10:10'),
	(137,6,'Marco Waters','Ut deleniti et cumque. Repudiandae odit dolores et a a rerum nesciunt. Quo omnis id voluptatem blanditiis ipsum.',5,'2018-02-12 11:10:10','2018-02-12 11:10:10'),
	(138,16,'Kenna Renner','Reiciendis nihil magni quisquam qui omnis sequi. Earum quis modi incidunt nemo aut quo laborum. Vel qui error et. Ut aut quis quidem cum. Aliquam commodi perferendis ut consequatur.',0,'2018-02-12 11:10:10','2018-02-12 11:10:10'),
	(139,5,'Aracely Zieme','Eum odit nesciunt veniam ut. Ratione praesentium vel tenetur doloremque ea itaque autem. Id suscipit fuga dignissimos eius distinctio. Ut aspernatur atque blanditiis iure magni ut quaerat.',2,'2018-02-12 11:10:10','2018-02-12 11:10:10'),
	(140,18,'Russel Barrows','Labore quis voluptatibus quam est omnis. Sint expedita dolore molestiae quasi est natus quas. Aut rerum eius blanditiis aut molestiae eos quia. Dolorem necessitatibus magnam et sint.',2,'2018-02-12 11:10:10','2018-02-12 11:10:10'),
	(141,29,'Carolyn Tromp MD','Maxime aut necessitatibus aliquam non nihil hic soluta. Debitis vel nesciunt nobis neque nostrum voluptas. Nesciunt voluptatem sapiente rerum beatae. Voluptatibus sit non explicabo aut qui quia. Ea rerum sint repellat laudantium quidem.',0,'2018-02-12 11:10:10','2018-02-12 11:10:10'),
	(142,26,'Wyman Lindgren','Aut inventore ea omnis voluptatem. Iure officia voluptatem provident quae. Similique corporis exercitationem ea ut libero.',5,'2018-02-12 11:10:10','2018-02-12 11:10:10'),
	(143,5,'Pamela Vandervort','Saepe consequatur atque aut explicabo. Ut voluptatibus odio facere in.',5,'2018-02-12 11:10:10','2018-02-12 11:10:10'),
	(144,34,'Agustina Hauck','Incidunt debitis qui molestiae fuga perferendis. Delectus consequuntur optio sint sit deleniti. Voluptate ut non labore atque non. Porro non voluptatem doloremque doloremque aspernatur blanditiis voluptatem enim.',4,'2018-02-12 11:10:10','2018-02-12 11:10:10'),
	(145,48,'Mr. Edgardo Tillman','Quaerat tempora nesciunt ad vero. Error ut alias cupiditate occaecati iure quo. Placeat excepturi eum quam quo autem. Delectus officia asperiores et architecto quae.',0,'2018-02-12 11:10:10','2018-02-12 11:10:10'),
	(146,18,'Myrtle Quigley','Voluptas sed non error ut. Quidem dolores qui sed reprehenderit error. Ullam ut recusandae asperiores explicabo ex sapiente qui voluptatibus.',1,'2018-02-12 11:10:10','2018-02-12 11:10:10'),
	(147,50,'Mrs. Kaycee Fahey','Magnam et quidem ullam repellendus in. Quis suscipit et et maxime. Et eveniet laboriosam dolorem ex.',1,'2018-02-12 11:10:10','2018-02-12 11:10:10'),
	(148,34,'Dr. Trey Tremblay PhD','A sint voluptas accusamus nesciunt. Qui quia autem eos quos sint. Odio voluptates optio quia quia rerum. Doloribus ut expedita velit illo deleniti ratione dolores.',2,'2018-02-12 11:10:10','2018-02-12 11:10:10'),
	(149,27,'Etha Zemlak','Ipsam ducimus distinctio nesciunt at. Qui non temporibus voluptatem et. Non consequatur dolorem repellendus enim ipsa magni molestiae consequatur. Enim quasi animi id voluptatibus hic voluptatem quia sit.',4,'2018-02-12 11:10:10','2018-02-12 11:10:10'),
	(150,27,'Lacy Bergnaum','Accusamus molestiae tenetur accusantium dolorem est et voluptatem. Provident facilis qui et atque deleniti neque eos. Quis facilis asperiores sunt quis illo. Ex cupiditate minus sint culpa voluptates id.',0,'2018-02-12 11:10:10','2018-02-12 11:10:10'),
	(151,13,'Santino Kessler DVM','Unde autem nobis molestiae enim ut aut. Fugiat similique et non dolorum laborum itaque. Rerum amet nostrum quia ut quisquam. Velit nulla quidem repellat animi repellendus provident. Labore sunt earum laboriosam aliquam.',2,'2018-02-12 11:10:10','2018-02-12 11:10:10'),
	(152,35,'Elta Sawayn','Fuga ullam odit quam iusto. Voluptatem occaecati aut a velit. Sit vel architecto sed qui. Temporibus nesciunt deleniti consequuntur officiis.',2,'2018-02-12 11:10:10','2018-02-12 11:10:10'),
	(153,38,'Darron Gaylord','Et doloremque quo voluptatem dolorem rem. Totam ut autem rerum perspiciatis occaecati ipsum aut nesciunt. Quaerat quo ab aliquam ea corporis soluta. Harum tenetur earum cum doloremque quisquam vero.',4,'2018-02-12 11:10:10','2018-02-12 11:10:10'),
	(154,25,'Dr. Jamison Effertz Sr.','Qui est eum fugiat. Ea id consectetur nam rem velit quo. Sint aut qui quaerat quae. Consequuntur aliquam rerum aut expedita eaque.',2,'2018-02-12 11:10:10','2018-02-12 11:10:10'),
	(155,4,'Vanessa Kerluke','Aut dolorum recusandae nihil tempora perspiciatis autem quos a. Velit voluptatem est dolor atque optio excepturi rem magnam. Ipsa quasi reprehenderit aliquam sunt ea rerum et. Magni omnis adipisci officia non.',1,'2018-02-12 11:10:10','2018-02-12 11:10:10'),
	(156,29,'Lenna Beier','Veritatis voluptates harum libero quibusdam. Itaque tenetur earum modi corporis sed excepturi dolorum.',1,'2018-02-12 11:10:10','2018-02-12 11:10:10'),
	(157,30,'Prof. Austen Luettgen IV','Expedita quisquam eius ullam et. Qui qui aliquam animi et.',5,'2018-02-12 11:10:10','2018-02-12 11:10:10'),
	(158,1,'Monserrat Armstrong','Soluta non quia aut ea qui aut nemo adipisci. Sit omnis qui deleniti quis. Impedit autem sint necessitatibus itaque ut natus vel.',0,'2018-02-12 11:10:10','2018-02-12 11:10:10'),
	(159,23,'Miss Kariane Ernser','Perspiciatis maiores voluptas in mollitia. Nulla sint quam est vero maiores dolor. Dignissimos et provident tenetur laboriosam est. Aut qui aperiam aspernatur cupiditate ducimus corporis ab.',0,'2018-02-12 11:10:10','2018-02-12 11:10:10'),
	(160,37,'Marvin Cruickshank','Nulla harum qui facilis nihil ea quidem. Sint velit deserunt non non non maiores eos debitis. Amet tempora non facilis praesentium delectus. Alias nihil tenetur id beatae.',0,'2018-02-12 11:10:10','2018-02-12 11:10:10'),
	(161,15,'Cortez Terry','A tempore soluta sint sint possimus saepe. Ullam at velit impedit nihil iure aut. Suscipit vel accusamus laudantium.',3,'2018-02-12 11:10:10','2018-02-12 11:10:10'),
	(162,44,'Dr. June Schimmel','Quas pariatur qui voluptatem. Vero voluptas et nisi cum. Consequuntur sed fugit fuga culpa. Sunt ex quisquam minima laborum.',0,'2018-02-12 11:10:10','2018-02-12 11:10:10'),
	(163,47,'Katelyn Sanford DDS','Mollitia quaerat in aut debitis sunt repellat. Saepe nisi porro sint accusamus. Reiciendis voluptas qui voluptas ut.',2,'2018-02-12 11:10:10','2018-02-12 11:10:10'),
	(164,9,'Prof. Norbert Wilkinson DDS','Est in non qui voluptate sunt vel sit. Aut doloribus veritatis aut aut alias. Consequatur itaque esse ratione. A consequatur ducimus sed earum.',1,'2018-02-12 11:10:10','2018-02-12 11:10:10'),
	(165,12,'Prof. Jed McLaughlin','Dolorem fugiat numquam minima atque aliquid quaerat maiores ut. Magnam et laudantium atque vel omnis maiores. Dolorum quia voluptas non nulla.',4,'2018-02-12 11:10:10','2018-02-12 11:10:10'),
	(166,21,'Lester Hirthe','Est officiis modi eos rerum quisquam odit. Dolor odit est quo sunt.',3,'2018-02-12 11:10:10','2018-02-12 11:10:10'),
	(167,11,'Vito Sipes','Hic nisi ea reprehenderit. Vel repellendus facilis consequatur cum et nihil voluptates sequi. Iusto officiis laboriosam qui omnis sit nobis.',5,'2018-02-12 11:10:10','2018-02-12 11:10:10'),
	(168,42,'Mya Bosco','Aliquam nemo ab eum eum voluptatem nostrum. Molestiae eum laboriosam earum impedit illum rerum. Voluptates est iste modi eaque. Nemo ut eveniet unde quo sit tempora sed.',1,'2018-02-12 11:10:10','2018-02-12 11:10:10'),
	(169,7,'Dr. Adalberto Douglas II','Qui et ratione blanditiis atque. Iure dolores doloribus quidem aspernatur iusto quia. Eligendi sit et ipsam iste. Dolores exercitationem est minus deserunt deleniti. Ad voluptatem eum saepe velit quis suscipit quibusdam ipsam.',1,'2018-02-12 11:10:10','2018-02-12 11:10:10'),
	(170,1,'Georgianna Yost V','Doloremque at adipisci quia quia est earum. Aut dolore maiores porro veritatis delectus et voluptatem. Sed nemo labore ad corrupti. Provident aliquam architecto est et odio libero explicabo.',0,'2018-02-12 11:10:10','2018-02-12 11:10:10'),
	(171,15,'Ressie Anderson','Explicabo doloremque qui a dolores inventore. Ea ut voluptate culpa tempora voluptas dolores suscipit. Qui voluptatem est sed autem atque.',3,'2018-02-12 11:10:10','2018-02-12 11:10:10'),
	(172,36,'Donnell Monahan MD','Voluptas qui eum in ducimus consectetur odio dolor. Non quae omnis esse iusto. Voluptatem ab itaque velit deleniti sapiente. Alias tenetur deleniti tenetur.',0,'2018-02-12 11:10:10','2018-02-12 11:10:10'),
	(173,32,'Rosemary Christiansen V','Et aut facilis repudiandae commodi et sit blanditiis. Porro cum omnis molestiae libero ab. Consequatur mollitia commodi quia expedita qui beatae quia.',3,'2018-02-12 11:10:10','2018-02-12 11:10:10'),
	(174,24,'Mr. Cameron Corkery Sr.','Dolorem molestiae magni veritatis itaque maxime excepturi odit. Aperiam esse dolorum voluptates illum ullam voluptatem. Culpa ipsa voluptatibus quia illum sint laudantium id. Distinctio impedit quas aliquam ex sunt est.',1,'2018-02-12 11:10:10','2018-02-12 11:10:10'),
	(175,21,'Judy Paucek','Et omnis exercitationem aut ipsum ducimus dolorem aut. Non ipsam ad natus rerum esse facere. Quisquam dolorem maiores consequuntur vel quos impedit repudiandae.',2,'2018-02-12 11:10:10','2018-02-12 11:10:10'),
	(176,24,'Prof. Hannah Tremblay DVM','Accusamus laboriosam labore quam ut. Unde corporis et ut mollitia repellat dignissimos. Aut voluptatem aspernatur ut quisquam neque.',3,'2018-02-12 11:10:10','2018-02-12 11:10:10'),
	(177,19,'Claudine O\'Keefe','Qui ducimus ullam omnis consequatur quasi. Eos qui consequuntur corrupti velit earum modi aliquid. Enim repellat corrupti magni non temporibus et velit. Enim officiis fugiat dignissimos aut. Asperiores nihil debitis aut officiis dolor nostrum magni.',0,'2018-02-12 11:10:10','2018-02-12 11:10:10'),
	(178,28,'Freda Wisoky','Dolores vitae suscipit qui sint aut. Veritatis culpa dicta laudantium nihil asperiores earum. Aut enim corporis voluptatem similique ducimus. Nisi vel et quos eos. Voluptas et consequatur eveniet iure ullam commodi voluptatem.',1,'2018-02-12 11:10:10','2018-02-12 11:10:10'),
	(179,39,'Dr. Trey Rolfson','Velit sequi mollitia quibusdam aliquid incidunt. Tempora libero excepturi est alias cumque omnis tempora. Odio quas iste reprehenderit neque.',4,'2018-02-12 11:10:10','2018-02-12 11:10:10'),
	(180,50,'Shaun O\'Kon PhD','Corrupti ab quis vitae exercitationem quam molestiae. Excepturi quia porro doloribus ullam dolor accusamus labore. Quos amet porro mollitia.',3,'2018-02-12 11:10:10','2018-02-12 11:10:10'),
	(181,3,'Kayla Wilderman IV','Rem maiores in quas sunt exercitationem perferendis. Nemo non labore quis nostrum dolorem corporis ullam. Dolore laudantium rem fugit incidunt quis mollitia accusantium tempora.',4,'2018-02-12 11:10:10','2018-02-12 11:10:10'),
	(182,9,'Viola Barton','Asperiores non sint voluptatem quo dignissimos sit sed qui. Sapiente commodi minima architecto tempore dolor velit. Ipsam est officia molestiae ut similique assumenda. Ab qui fuga vero velit.',1,'2018-02-12 11:10:10','2018-02-12 11:10:10'),
	(183,38,'Trisha Johnson Jr.','Explicabo aut voluptatem harum. Earum impedit aut laudantium quis eligendi. Sequi qui nam quo velit sunt molestiae. Ad nisi corporis voluptatem et cum ratione minima. Delectus rerum ipsam tempore quod.',5,'2018-02-12 11:10:10','2018-02-12 11:10:10'),
	(184,49,'Dasia Welch','Sed a impedit tenetur vel ducimus quidem maxime. Molestias eaque error perspiciatis nemo non laborum. Eum repellendus corrupti eum.',4,'2018-02-12 11:10:10','2018-02-12 11:10:10'),
	(185,5,'Edgar Littel DDS','Aut et rerum omnis sit in quo. Placeat consequatur molestias id eum repudiandae. Possimus deleniti nulla explicabo qui odio perspiciatis.',1,'2018-02-12 11:10:10','2018-02-12 11:10:10'),
	(186,35,'Amos Daniel','Quia et corporis aliquid in. Labore qui ducimus vel placeat. Consequatur vel expedita incidunt blanditiis deleniti et.',5,'2018-02-12 11:10:10','2018-02-12 11:10:10'),
	(187,39,'Felix Bosco','Voluptatem explicabo optio nesciunt est fuga. Facilis laboriosam illo dignissimos adipisci est facilis dolore. Quaerat natus reprehenderit error nihil adipisci. Alias ex debitis et et totam rerum.',5,'2018-02-12 11:10:10','2018-02-12 11:10:10'),
	(188,4,'Milford Durgan','Aperiam nisi nihil nihil sed unde qui est facere. Quibusdam non laborum doloribus ipsam quae. Laudantium aliquam non aliquid nulla molestias cupiditate. Facilis consequuntur minima error incidunt dignissimos aliquam.',1,'2018-02-12 11:10:10','2018-02-12 11:10:10'),
	(189,42,'Miss Esta Reichert Sr.','Facilis consectetur dolorem aspernatur repudiandae fugit fugit. Quos non architecto maxime vel aut aut id. Unde atque debitis sed quia assumenda.',4,'2018-02-12 11:10:10','2018-02-12 11:10:10'),
	(190,16,'Teagan Wolf','Ut eaque hic aut facere ut fugiat consectetur. Unde consequatur modi ea commodi ratione sapiente corporis aut. Quia et aut quaerat et exercitationem qui. Cum et aspernatur sapiente omnis ab repellat.',4,'2018-02-12 11:10:10','2018-02-12 11:10:10'),
	(191,25,'Shannon Leuschke','Adipisci aut voluptatem qui aut mollitia. Doloribus incidunt ut esse optio optio doloremque aut. Accusantium voluptatem odio vel similique qui.',4,'2018-02-12 11:10:10','2018-02-12 11:10:10'),
	(192,27,'Hannah Sawayn Jr.','Iste voluptatem veniam rem et provident enim. Nemo sit et porro. Voluptatem voluptatem nihil tenetur dolorum. Quisquam id optio nobis aperiam ipsam impedit.',2,'2018-02-12 11:10:10','2018-02-12 11:10:10'),
	(193,38,'Dr. Cleo Wiegand Sr.','Quia voluptatum voluptas cumque saepe amet libero aut. Repudiandae eius accusantium sit sunt distinctio aut corrupti consequatur. Ipsam error deserunt mollitia provident in aut hic. Sed aut voluptas accusantium perspiciatis tenetur.',1,'2018-02-12 11:10:10','2018-02-12 11:10:10'),
	(194,43,'Gilberto Prosacco','Deserunt optio omnis magnam. Temporibus et et cupiditate facere magnam. In a ut sed sint.',4,'2018-02-12 11:10:10','2018-02-12 11:10:10'),
	(195,5,'Tony Lynch','Ex dolorem quis reiciendis veritatis omnis illo. Eum quia est fugiat quis. Eveniet earum possimus id. Sed perferendis ullam aliquam quis. Excepturi consequatur dolores deserunt ut.',4,'2018-02-12 11:10:10','2018-02-12 11:10:10'),
	(196,17,'Bradly Daniel','Saepe ullam vero culpa quisquam temporibus impedit et. Natus molestias et sed vero aperiam dolorum nulla. Itaque et maiores assumenda a est consequatur aperiam. Et accusamus modi omnis sed.',1,'2018-02-12 11:10:10','2018-02-12 11:10:10'),
	(197,49,'Steve Dare','Sequi nihil illo sit quae eum. Odio et tempore labore aperiam. Eligendi ipsum est quia vitae aut maiores.',4,'2018-02-12 11:10:10','2018-02-12 11:10:10'),
	(198,46,'Mr. Arthur Hahn MD','Doloremque qui fugiat repellat qui est accusamus optio. Aut beatae aut est minima. Impedit magni minus ullam qui fuga. Non aut molestiae reiciendis unde nam inventore est.',3,'2018-02-12 11:10:10','2018-02-12 11:10:10'),
	(199,10,'Oleta Aufderhar','Cum laboriosam quae molestiae dolor autem odit nemo fugiat. Eos aperiam quibusdam possimus voluptatum. Et ab dolorem et quia molestias dolor dolores. Omnis expedita beatae aspernatur quo dicta voluptas unde. Commodi quasi ut qui eligendi.',3,'2018-02-12 11:10:10','2018-02-12 11:10:10'),
	(200,45,'Prof. Issac Quigley Jr.','Iusto molestiae distinctio illo velit voluptas adipisci. Error autem et aspernatur labore aut ut voluptas. Est iure quam consectetur voluptas.',5,'2018-02-12 11:10:10','2018-02-12 11:10:10'),
	(201,39,'Austin Dickens','Vel laboriosam aut soluta eligendi odit rerum. Maiores ipsum eum blanditiis eum sint. Magnam ut aut quae quas minima sint.',1,'2018-02-12 11:10:10','2018-02-12 11:10:10'),
	(202,45,'Skyla Green','Reiciendis dignissimos eum delectus iure quia eos esse. Provident illum earum necessitatibus expedita autem. Mollitia omnis et cumque. Aut possimus saepe dolores maxime. Adipisci culpa sunt consequatur nesciunt cumque.',2,'2018-02-12 11:10:10','2018-02-12 11:10:10'),
	(203,28,'Furman Lang','Quos nesciunt rerum quisquam illum voluptatem et doloremque. In asperiores ut dolor quia iste. Quisquam occaecati nemo mollitia reprehenderit. Corporis ratione ut earum unde ut.',0,'2018-02-12 11:10:10','2018-02-12 11:10:10'),
	(204,28,'Fletcher Kuhic','Veniam beatae dolorum qui itaque perspiciatis iste. Quis veniam rerum ab error voluptatem rerum repudiandae. Itaque voluptas molestiae eos qui modi laboriosam rerum.',1,'2018-02-12 11:10:10','2018-02-12 11:10:10'),
	(205,20,'Prof. Derick Schamberger','Quasi quia odio in est. Consequatur eos modi maiores consequuntur vero quos deleniti.',5,'2018-02-12 11:10:10','2018-02-12 11:10:10'),
	(206,38,'Anais Reynolds','Repudiandae non consectetur est libero. Autem esse quia autem numquam nulla quam. Et natus ut esse autem.',1,'2018-02-12 11:10:10','2018-02-12 11:10:10'),
	(207,42,'Donna Heidenreich','Aut aut minima earum perspiciatis culpa. Ad nulla sint nesciunt dolore deleniti. Omnis facere nihil quae aut quibusdam. Eum asperiores enim ipsam quo aut quia.',2,'2018-02-12 11:10:10','2018-02-12 11:10:10'),
	(208,31,'Alanis Dooley Sr.','Et excepturi accusamus optio et. Quaerat in rerum possimus fugiat non. Quis porro quaerat voluptatum consequuntur corporis doloremque.',1,'2018-02-12 11:10:10','2018-02-12 11:10:10'),
	(209,24,'Demario Hand','Nostrum est hic sed aspernatur et vel est mollitia. Distinctio eos facilis in perspiciatis perspiciatis. Dolores ut quasi qui error qui sit. Ea reprehenderit non et.',1,'2018-02-12 11:10:10','2018-02-12 11:10:10'),
	(210,17,'Miss Lelia Yundt','Hic et recusandae totam repellendus. Autem iusto debitis quia aperiam. Nihil ut eum illum est ut ut.',4,'2018-02-12 11:10:10','2018-02-12 11:10:10'),
	(211,44,'Luz Stehr','Tempore soluta omnis modi similique vitae recusandae. Corporis amet distinctio aliquid ad nemo. Distinctio qui magni tempore error impedit ipsum. Sint expedita nemo esse dolorem sed aut.',0,'2018-02-12 11:10:10','2018-02-12 11:10:10'),
	(212,18,'Miss Joanie Kuphal','Ad itaque eveniet id sequi. Cupiditate ea illum dicta vel et sint. Laborum distinctio quia esse rerum facere. Cupiditate vel nihil ea quo impedit quibusdam.',5,'2018-02-12 11:10:10','2018-02-12 11:10:10'),
	(213,39,'Francesca Lubowitz','Odio ratione quam et corporis iusto expedita praesentium nobis. Aut ut earum voluptates veritatis. Qui ut consequuntur ut quod asperiores quis similique.',3,'2018-02-12 11:10:10','2018-02-12 11:10:10'),
	(214,1,'Lillie Blanda V','Odio quis nesciunt quasi laboriosam ex. Qui neque quia nisi aut cum eos. Aut ut eos quia voluptatem sed quia minima.',3,'2018-02-12 11:10:10','2018-02-12 11:10:10'),
	(215,2,'Margarette Howe II','Maiores molestias harum veniam rerum ducimus accusantium. Impedit occaecati maxime sapiente consequuntur maiores quas. Recusandae officia in ab dolores officiis. Illum quasi ipsa voluptatem.',0,'2018-02-12 11:10:10','2018-02-12 11:10:10'),
	(216,14,'Arnoldo Morar','Recusandae et quam dolor quas esse aut voluptas. Nam ducimus aut voluptatem dignissimos maiores. Ratione atque est et qui.',5,'2018-02-12 11:10:10','2018-02-12 11:10:10'),
	(217,49,'Donavon Schimmel','Excepturi accusamus unde harum quia corporis unde. Et qui ullam iste aperiam. Autem et quasi velit dolorem autem. Error exercitationem accusantium voluptas accusamus fuga.',5,'2018-02-12 11:10:10','2018-02-12 11:10:10'),
	(218,6,'Karley Cronin','Error eveniet ut commodi ut laboriosam. Commodi et qui est quo quibusdam. Soluta placeat reiciendis excepturi.',1,'2018-02-12 11:10:10','2018-02-12 11:10:10'),
	(219,20,'Ms. Karina Pouros','Fugit omnis asperiores maxime soluta ab. Sint ipsa molestiae consequatur vel. Quia necessitatibus nisi aperiam delectus.',3,'2018-02-12 11:10:10','2018-02-12 11:10:10'),
	(220,2,'Maybell Koss PhD','Unde omnis sed omnis et magnam dolorum voluptates. Rerum nemo velit quia minus qui sunt.',4,'2018-02-12 11:10:10','2018-02-12 11:10:10'),
	(221,29,'Prof. Branson Bradtke I','Dolore est velit molestiae et quia aliquid minima. Voluptatem qui voluptas beatae enim earum et unde. Beatae harum repellat vel est debitis nihil excepturi. Ducimus error beatae itaque eveniet.',0,'2018-02-12 11:10:10','2018-02-12 11:10:10'),
	(222,13,'Jayme McKenzie','Possimus animi suscipit et. Beatae repudiandae ducimus dolores explicabo esse odit aut. Quia dolor iusto accusamus et delectus dolor.',1,'2018-02-12 11:10:10','2018-02-12 11:10:10'),
	(223,37,'Yasmine Grant','Provident adipisci vel soluta necessitatibus dolor. Quibusdam repellat odio ducimus ut occaecati consequatur exercitationem exercitationem. Neque quaerat doloremque et quis. A distinctio ut beatae saepe voluptas.',4,'2018-02-12 11:10:10','2018-02-12 11:10:10'),
	(224,22,'Dr. Breanne Flatley','Sed eius est quia beatae. Unde voluptate ut tenetur deserunt dicta fugiat est harum. Rerum dicta et voluptatem nihil sapiente a asperiores. Magnam rerum nostrum facere ut.',0,'2018-02-12 11:10:10','2018-02-12 11:10:10'),
	(225,23,'Prof. Madisyn Franecki','Atque accusantium et doloremque error ut ipsam. Ea harum voluptatem ut est. Soluta doloribus corporis et ad voluptate dolorem. Rem et enim laborum non corporis voluptatem architecto inventore.',1,'2018-02-12 11:10:10','2018-02-12 11:10:10'),
	(226,13,'Imogene Bergnaum','Deserunt omnis dicta nemo vel non itaque. Facilis voluptas et similique id. Labore illo et autem eum adipisci molestias praesentium. Est iure nobis eaque consequatur aut est. Suscipit qui sapiente explicabo id.',3,'2018-02-12 11:10:10','2018-02-12 11:10:10'),
	(227,19,'Ms. Ashly Hirthe Jr.','Reprehenderit nemo deleniti iste inventore est ipsum doloribus. Blanditiis beatae autem consequuntur et quibusdam enim. Unde officiis enim ratione eos sed. Vitae laudantium temporibus repellendus excepturi cum.',4,'2018-02-12 11:10:10','2018-02-12 11:10:10'),
	(228,21,'Elton Rowe I','Voluptas velit ut magnam animi consequatur aspernatur. Est quidem ex modi error sit. Nemo molestiae et non explicabo voluptatem. Omnis nulla consequatur sunt exercitationem labore rerum nihil.',5,'2018-02-12 11:10:10','2018-02-12 11:10:10'),
	(229,34,'Josie Bailey','Aut qui voluptas vel eveniet dolorum occaecati. Inventore explicabo laborum et non reiciendis. Quia minus voluptates eaque. Qui in excepturi ratione. Eaque qui eius accusantium et aut.',3,'2018-02-12 11:10:10','2018-02-12 11:10:10'),
	(230,42,'Scot Buckridge','Odit quis minima sunt veniam. Repudiandae autem facere natus et occaecati cum cumque qui. Vel aut et nesciunt. Modi ut nobis doloribus recusandae.',4,'2018-02-12 11:10:10','2018-02-12 11:10:10'),
	(231,26,'Dr. Devon Schmidt','Quia amet modi magnam delectus aspernatur rerum. Beatae quo itaque quos alias quisquam. Autem velit nobis temporibus. Aut natus dolor suscipit non voluptatem tempora nostrum. Adipisci aliquid voluptates distinctio ad vitae.',5,'2018-02-12 11:10:10','2018-02-12 11:10:10'),
	(232,8,'Mossie Roob','Similique sapiente odit nesciunt ea sunt. Fugit laboriosam accusamus incidunt tempora non. Maxime quidem adipisci commodi harum et.',3,'2018-02-12 11:10:10','2018-02-12 11:10:10'),
	(233,39,'Brenna Beahan','Libero distinctio aspernatur qui ipsam dolor quia dolorem. Quo maxime ipsum asperiores sunt dolorem animi assumenda.',3,'2018-02-12 11:10:10','2018-02-12 11:10:10'),
	(234,9,'Casimer Leffler','Aperiam ut vero laborum molestias aperiam qui ducimus et. Qui laboriosam maxime qui omnis. Beatae earum temporibus et ea error qui. Illum delectus ipsam enim voluptatem eos.',3,'2018-02-12 11:10:10','2018-02-12 11:10:10'),
	(235,50,'Prof. Lisa Bashirian','Qui rem unde consequuntur. Quis voluptas eligendi est sapiente voluptas ex. Et corrupti consectetur consequatur quisquam voluptas dolorem laboriosam.',0,'2018-02-12 11:10:10','2018-02-12 11:10:10'),
	(236,7,'Mr. Lon Bauch','Reiciendis quis suscipit ut sed. Doloribus quasi accusamus est ad omnis omnis ea sed. Pariatur commodi voluptatem rerum qui. Asperiores asperiores rem est dolores qui enim.',3,'2018-02-12 11:10:10','2018-02-12 11:10:10'),
	(237,44,'Candice Schimmel','Consequuntur quo culpa magnam aut. Dolores consequuntur ea et maiores nostrum maiores. Hic dolor quia ipsam qui quidem.',4,'2018-02-12 11:10:10','2018-02-12 11:10:10'),
	(238,4,'Einar Hodkiewicz DVM','Quia fugiat ad distinctio dolores quis qui. Illo enim similique ullam ullam praesentium. Ut sit possimus perspiciatis qui vitae.',3,'2018-02-12 11:10:10','2018-02-12 11:10:10'),
	(239,14,'Glenda Tromp III','Quisquam ab quo qui voluptatem velit aut. Aut possimus inventore maiores est omnis quas eligendi. Unde delectus molestiae dolor doloribus et vel consectetur odio. Qui fuga voluptas aliquam.',1,'2018-02-12 11:10:10','2018-02-12 11:10:10'),
	(240,48,'Prof. Eino Breitenberg','Quia iste quia est voluptas sit. Totam aperiam culpa et ipsam. Molestiae esse repudiandae nisi et dolore.',5,'2018-02-12 11:10:10','2018-02-12 11:10:10'),
	(241,8,'Gust Parker','Vel totam et fugiat delectus necessitatibus. Id qui vitae sunt voluptatem sit. Excepturi porro accusantium dolores in nostrum.',4,'2018-02-12 11:10:10','2018-02-12 11:10:10'),
	(242,7,'Leonora O\'Reilly','Sequi enim quae voluptate. Enim adipisci doloremque et quod suscipit. Fuga dolorum id ullam culpa ipsa voluptatem amet.',0,'2018-02-12 11:10:10','2018-02-12 11:10:10'),
	(243,25,'Maxie Upton','Sit ab nulla non voluptatem. Et enim in quia iste voluptas. Veritatis at veniam quia sit. Aut asperiores reiciendis ea.',2,'2018-02-12 11:10:10','2018-02-12 11:10:10'),
	(244,40,'Cayla Williamson','Fugit et unde maxime dolor ab. Voluptatibus similique blanditiis recusandae sapiente assumenda. Enim dicta qui deserunt omnis.',2,'2018-02-12 11:10:10','2018-02-12 11:10:10'),
	(245,11,'Dr. Micah Barrows MD','Et architecto dolorem natus eveniet. Et hic dicta harum vel qui voluptas unde. Voluptatum culpa inventore libero dolore omnis.',0,'2018-02-12 11:10:10','2018-02-12 11:10:10'),
	(246,22,'Trinity Hirthe','Facere quae qui deserunt accusamus aperiam. Aut ullam et in illo. Doloribus ea inventore amet accusantium ut eligendi fugiat. Iste nemo pariatur doloremque id.',5,'2018-02-12 11:10:10','2018-02-12 11:10:10'),
	(247,18,'Gilberto McGlynn','Eos ducimus ut aspernatur qui repellat. Qui ratione facilis minus qui accusantium magni. Consequatur quia est voluptates voluptatem culpa iste facere.',0,'2018-02-12 11:10:10','2018-02-12 11:10:10'),
	(248,17,'Prof. Jaylin Renner','Perspiciatis id commodi ex recusandae. Atque ullam sint dolorem aut repellendus. Autem dicta id nihil odit. Et beatae hic quisquam blanditiis qui porro impedit exercitationem.',2,'2018-02-12 11:10:10','2018-02-12 11:10:10'),
	(249,26,'Samara Fahey','Delectus quasi animi numquam aut neque incidunt. Nisi dolor quia nisi aspernatur voluptatibus omnis molestiae dolorum. Ut et molestiae nostrum dolor fuga. Repudiandae deleniti facere voluptas eum molestiae impedit sint.',4,'2018-02-12 11:10:10','2018-02-12 11:10:10'),
	(250,8,'Gertrude Hermiston','Ut quo cupiditate omnis a sunt quae quidem. Aliquam occaecati distinctio voluptatibus et. Fuga ducimus sed debitis modi id.',0,'2018-02-12 11:10:10','2018-02-12 11:10:10'),
	(251,38,'Santa McLaughlin','Praesentium sit amet natus sequi totam vel quia. Laboriosam aut accusamus et et aut amet error assumenda. Quia sunt eum officia rerum. Aut quia accusantium aut molestias quia rerum sint.',5,'2018-02-12 11:10:10','2018-02-12 11:10:10'),
	(252,28,'Hosea Eichmann','Soluta accusantium nesciunt itaque. Pariatur itaque harum repellat velit eligendi illum. Possimus amet porro odit nam.',2,'2018-02-12 11:10:10','2018-02-12 11:10:10'),
	(253,32,'Oscar Hills','Consequuntur ipsa non et nobis nisi et. Illum laborum fugiat voluptas itaque. Doloremque suscipit autem esse voluptas veritatis quis consequatur repudiandae. Aut distinctio earum eos et pariatur repellendus.',0,'2018-02-12 11:10:10','2018-02-12 11:10:10'),
	(254,38,'Christelle Ullrich','Et qui repudiandae recusandae asperiores doloribus sit. Et cumque et sit unde architecto fugiat. Dolor occaecati temporibus omnis fuga. Nihil accusamus amet aliquid expedita fuga. Voluptatum incidunt omnis facilis qui possimus.',2,'2018-02-12 11:10:10','2018-02-12 11:10:10'),
	(255,46,'Myrtle Sanford','Suscipit ut molestias ullam est commodi ut. Eaque distinctio est iure ut. Nisi eos alias consequuntur voluptates dicta repellendus amet animi.',0,'2018-02-12 11:10:10','2018-02-12 11:10:10'),
	(256,47,'Dr. Chester D\'Amore III','Non velit voluptatem tenetur ullam praesentium iure qui. Earum labore nostrum beatae impedit. Et dignissimos voluptas quisquam omnis omnis est. Voluptatibus eveniet quasi alias fuga beatae.',4,'2018-02-12 11:10:10','2018-02-12 11:10:10'),
	(257,17,'Josh Morissette','Aut error quo amet consequatur. Nihil qui et id laboriosam voluptas cum iste. Quidem tenetur ut ducimus ut ut. Ipsum placeat vitae rem natus.',4,'2018-02-12 11:10:10','2018-02-12 11:10:10'),
	(258,38,'Mariane Boyer','Non rerum et consequatur animi earum perspiciatis dolorem quam. Earum est omnis sed autem. Officia similique dignissimos aut quia vero mollitia. Ab impedit voluptates nobis est rerum id.',4,'2018-02-12 11:10:10','2018-02-12 11:10:10'),
	(259,8,'Ian Gusikowski MD','Odit eveniet sit illo dolore optio consequatur. Qui quo voluptas inventore cum quaerat. Repellat excepturi sit eum quibusdam dolorem.',5,'2018-02-12 11:10:10','2018-02-12 11:10:10'),
	(260,40,'Mr. Monroe Kirlin Sr.','Corrupti id dolorum et dolor. Et assumenda expedita accusantium non quo nesciunt excepturi animi. Quas qui iusto rerum. Consequatur quia consequuntur unde voluptatem tenetur nemo quam aut.',5,'2018-02-12 11:10:10','2018-02-12 11:10:10'),
	(261,11,'Abbigail Green IV','Mollitia iusto eveniet beatae et doloribus ut. Voluptas ut est quidem veniam rerum. Voluptatibus quaerat ipsum aut minus. In pariatur est debitis voluptas.',4,'2018-02-12 11:10:10','2018-02-12 11:10:10'),
	(262,39,'Mr. Rudolph Stracke','Sint voluptas vero qui pariatur ipsam. Cum quisquam temporibus a autem reprehenderit atque possimus. Id accusantium quis libero sint voluptatem recusandae.',3,'2018-02-12 11:10:10','2018-02-12 11:10:10'),
	(263,21,'Lela Kautzer','Aspernatur modi repellendus accusantium quis ipsa veniam. Temporibus corrupti non occaecati in omnis autem. Repellendus quibusdam libero laudantium possimus et consectetur necessitatibus quia. Et sunt fugiat dolore cumque sapiente accusamus magni non. Assumenda accusantium esse in.',1,'2018-02-12 11:10:10','2018-02-12 11:10:10'),
	(264,14,'Hardy Rath','Rerum adipisci iusto autem quidem accusamus aut. Quis nostrum minima explicabo est aliquid quidem quas. Quae quo in nobis quaerat possimus corrupti saepe voluptatibus. Incidunt eos beatae minus laborum quo adipisci sint.',0,'2018-02-12 11:10:10','2018-02-12 11:10:10'),
	(265,8,'Prof. Stephan Schowalter DVM','Temporibus eveniet itaque sunt nihil doloribus qui facilis hic. Id vero quaerat doloremque fugit. Quo molestiae enim mollitia culpa.',2,'2018-02-12 11:10:10','2018-02-12 11:10:10'),
	(266,50,'Ms. Trinity Gleason','Consequatur doloremque commodi saepe qui. Id ullam debitis error inventore. Vel adipisci deleniti ut ut. Non laborum consequatur repudiandae quia illo non dicta.',2,'2018-02-12 11:10:10','2018-02-12 11:10:10'),
	(267,9,'Reva Rutherford','Molestias et aliquam aliquid nemo omnis perferendis ut sapiente. Inventore id velit doloribus sint id quisquam et consequatur. Ut cumque aut necessitatibus consequatur officia reiciendis impedit. Et magnam distinctio dolorum ipsa accusantium velit.',5,'2018-02-12 11:10:10','2018-02-12 11:10:10'),
	(268,49,'Elsie McKenzie','Ratione ipsum ut eligendi non ut totam. Mollitia qui voluptas error omnis. Ut eaque sed eos reprehenderit ea eum.',0,'2018-02-12 11:10:10','2018-02-12 11:10:10'),
	(269,11,'Aurore Watsica','Sed qui amet rerum nulla sed ullam qui. Maxime ut id rerum dolorem. Expedita aspernatur ea voluptatem non.',0,'2018-02-12 11:10:10','2018-02-12 11:10:10'),
	(270,25,'Ms. Jaquelin Ullrich','Assumenda accusamus voluptatem quo minus. Quia voluptatibus aperiam ab qui. Est velit aperiam ea ut. Velit enim sunt fugit cupiditate eos laborum vitae.',4,'2018-02-12 11:10:10','2018-02-12 11:10:10'),
	(271,19,'Felix Torp','Odit facere sunt accusantium voluptate. Sit id accusantium non cum temporibus aperiam. Quas nostrum id animi qui totam repellendus.',5,'2018-02-12 11:10:10','2018-02-12 11:10:10'),
	(272,11,'Dr. Lelah Schuster DVM','Corrupti necessitatibus ea quo voluptate excepturi consequuntur inventore nobis. Voluptatem ducimus atque saepe et. Enim ut rem dolores quia. Ea facere ad corporis est rerum ut.',0,'2018-02-12 11:10:10','2018-02-12 11:10:10'),
	(273,48,'Georgette Berge','Autem omnis et nemo ducimus error. Quaerat et nesciunt in voluptatibus iusto. Culpa iure molestiae consequatur dignissimos et aut cum.',1,'2018-02-12 11:10:10','2018-02-12 11:10:10'),
	(274,34,'Layla Waters','Et dolor neque laboriosam fugiat fugiat iure sint. Vitae et et cum animi consequatur dicta non ut. Magni esse est ipsam molestias. Aut quia ex sapiente.',1,'2018-02-12 11:10:10','2018-02-12 11:10:10'),
	(275,4,'Kristin Gottlieb','Placeat praesentium nobis et incidunt et eius. Ullam et maxime aliquid voluptatem optio doloribus ut. Quisquam aut commodi id dolorem minus amet ab. In odio esse placeat.',2,'2018-02-12 11:10:10','2018-02-12 11:10:10'),
	(276,19,'Mabelle DuBuque','Culpa inventore rem id corporis. Ea vitae voluptates culpa id nam. Quos adipisci qui est quia est et.',2,'2018-02-12 11:10:10','2018-02-12 11:10:10'),
	(277,36,'Gregoria Hackett','Et ut quibusdam maiores odit deserunt ratione officiis. Consectetur et occaecati voluptatem eos. Repellat repudiandae dolor aut officiis sunt repellat. Pariatur odit repellendus nemo cupiditate sit quae sed. Sapiente autem consequuntur architecto autem laudantium magnam autem.',5,'2018-02-12 11:10:10','2018-02-12 11:10:10'),
	(278,43,'Jayda Zboncak','Quia nostrum omnis fugit. Tenetur amet et dignissimos voluptate aperiam. Sunt sit quos minima sed. Blanditiis fugiat mollitia cumque velit magnam occaecati. Numquam ut sed illo quo molestias quod amet.',0,'2018-02-12 11:10:10','2018-02-12 11:10:10'),
	(279,10,'Ms. Tressie Hirthe','Excepturi soluta voluptas consequuntur qui reiciendis voluptatibus nemo. Molestiae fugit optio non tempora.',4,'2018-02-12 11:10:10','2018-02-12 11:10:10'),
	(280,20,'Dr. Mandy Goldner','Sed magnam qui excepturi sequi. Animi repellat culpa enim quos. Vel architecto est aliquid sit nulla minima ea.',3,'2018-02-12 11:10:10','2018-02-12 11:10:10'),
	(281,29,'Dr. Tara Haag DDS','Dolores omnis non sunt possimus qui commodi itaque. Aliquid porro sint rem sint dolor aut repellendus repellendus. Aut quae modi sint quibusdam qui.',2,'2018-02-12 11:10:10','2018-02-12 11:10:10'),
	(282,7,'Lonnie DuBuque','Reprehenderit sint saepe sit omnis nobis quos. Impedit iure eaque voluptatem sint optio. Eos facere sit laborum doloribus commodi ducimus. Omnis placeat voluptatem quam ducimus sunt quas ut.',5,'2018-02-12 11:10:10','2018-02-12 11:10:10'),
	(283,18,'Miss Gisselle Beatty I','Totam molestiae cupiditate atque magnam consequuntur nostrum eaque. Nam aperiam hic doloribus temporibus. Aliquid ipsam laudantium dicta deserunt totam nobis dolores.',3,'2018-02-12 11:10:10','2018-02-12 11:10:10'),
	(284,38,'Charlene Runte','Fugit ut placeat sequi tenetur deleniti. Maxime aspernatur blanditiis vitae. Excepturi quae modi architecto omnis sint aspernatur.',4,'2018-02-12 11:10:10','2018-02-12 11:10:10'),
	(285,5,'Nick Schinner','Suscipit porro dolorum sint dolorem eveniet. Est cum quidem magnam modi nisi ipsa. Corporis impedit veniam nobis consectetur voluptates earum perferendis.',3,'2018-02-12 11:10:10','2018-02-12 11:10:10'),
	(286,23,'Ms. Novella Pacocha','Expedita est iste non in. Minus saepe libero beatae quo asperiores vel non.',4,'2018-02-12 11:10:10','2018-02-12 11:10:10'),
	(287,28,'Prof. Aimee Herzog','Soluta sit explicabo quisquam earum ipsum minus dolor. Nihil quia suscipit officia ratione magni eum fugit. Iusto incidunt rem cumque temporibus sit. Aspernatur sit consectetur ratione eos.',4,'2018-02-12 11:10:10','2018-02-12 11:10:10'),
	(288,49,'Alden Green','Dignissimos corporis itaque molestiae eos. Consequuntur iusto minima iure fuga omnis at. Ut sapiente praesentium rerum mollitia ipsam.',0,'2018-02-12 11:10:10','2018-02-12 11:10:10'),
	(289,30,'Isabella Schinner','Delectus cum voluptate tenetur occaecati id. Cumque expedita sunt ab illo sed incidunt. Odit nobis modi consectetur expedita recusandae aut non.',5,'2018-02-12 11:10:10','2018-02-12 11:10:10'),
	(290,44,'Jewel Collins IV','Non maxime molestiae rem exercitationem. Iusto ab eos quia et qui totam. Illo quo est repellat natus ad. Repellat quis fugit nihil dicta quibusdam eaque ratione.',3,'2018-02-12 11:10:10','2018-02-12 11:10:10'),
	(291,7,'Dr. Emiliano Baumbach III','Cupiditate qui quia a recusandae. Ipsam totam nostrum alias enim laborum enim. Optio sit voluptatum non soluta non excepturi. Rerum error illo ducimus fugiat.',5,'2018-02-12 11:10:10','2018-02-12 11:10:10'),
	(292,16,'Miss Georgette Jones II','Repudiandae ipsa culpa est occaecati harum. Corporis quia beatae mollitia eligendi laboriosam nobis qui. Blanditiis quia autem nam sed excepturi labore. Rem quae quos aut et.',4,'2018-02-12 11:10:10','2018-02-12 11:10:10'),
	(293,2,'Prof. Laron Bartoletti Jr.','Qui et aspernatur consequatur nostrum. Nostrum fugit nemo et atque. Qui voluptas voluptates eos consectetur iusto sapiente velit. Ut aut qui nesciunt culpa et assumenda nihil expedita.',1,'2018-02-12 11:10:10','2018-02-12 11:10:10'),
	(294,33,'Horace Kunze','Omnis totam sed et aliquid tenetur cum cumque. Natus sit qui ut voluptatem assumenda amet. Sint quo non eaque aut aut omnis libero magnam.',2,'2018-02-12 11:10:10','2018-02-12 11:10:10'),
	(295,49,'Loren Ward IV','Sunt corrupti ut aliquid animi qui repellat atque et. Culpa doloribus modi asperiores neque quia aut cupiditate voluptas. Ipsum et et voluptatum et quia. Reprehenderit et neque modi.',4,'2018-02-12 11:10:10','2018-02-12 11:10:10'),
	(296,47,'Dr. Leola Muller','Dolore ea qui dolores. Facere aliquid cum aspernatur ipsa. Magnam dolor ut incidunt magnam. Vitae dolorem non distinctio dolores cumque hic.',2,'2018-02-12 11:10:10','2018-02-12 11:10:10'),
	(297,49,'Fernando West','Rem veniam tenetur quidem. Hic tempora reiciendis eum minus consequatur voluptatem doloribus. Quo alias consequatur velit ea mollitia rerum eligendi. Rerum quod qui iusto libero qui et.',0,'2018-02-12 11:10:10','2018-02-12 11:10:10'),
	(298,48,'Bryana Johns','Quidem architecto unde aperiam facere qui et. Non nobis inventore consequatur illum corrupti.',1,'2018-02-12 11:10:10','2018-02-12 11:10:10'),
	(299,3,'Dallin Dooley','Quo odit debitis voluptatem debitis expedita. Vel quia officia doloremque tempora sint ut hic. Ipsam ad autem eum nesciunt quia consequuntur aspernatur.',1,'2018-02-12 11:10:10','2018-02-12 11:10:10'),
	(300,23,'Zachary Treutel','Asperiores doloremque iusto quia molestiae laborum. Quia consequatur qui exercitationem dolore autem nobis dolore incidunt. Blanditiis ipsa inventore consectetur iusto enim at et.',1,'2018-02-12 11:10:10','2018-02-12 11:10:10');

/*!40000 ALTER TABLE `reviews` ENABLE KEYS */;
UNLOCK TABLES;


# Dump of table users
# ------------------------------------------------------------

DROP TABLE IF EXISTS `users`;

CREATE TABLE `users` (
  `id` int(10) unsigned NOT NULL AUTO_INCREMENT,
  `name` varchar(191) COLLATE utf8mb4_unicode_ci NOT NULL,
  `email` varchar(191) COLLATE utf8mb4_unicode_ci NOT NULL,
  `password` varchar(191) COLLATE utf8mb4_unicode_ci NOT NULL,
  `remember_token` varchar(100) COLLATE utf8mb4_unicode_ci DEFAULT NULL,
  `created_at` timestamp NULL DEFAULT NULL,
  `updated_at` timestamp NULL DEFAULT NULL,
  PRIMARY KEY (`id`),
  UNIQUE KEY `users_email_unique` (`email`)
) ENGINE=InnoDB DEFAULT CHARSET=utf8mb4 COLLATE=utf8mb4_unicode_ci;

LOCK TABLES `users` WRITE;
/*!40000 ALTER TABLE `users` DISABLE KEYS */;

INSERT INTO `users` (`id`, `name`, `email`, `password`, `remember_token`, `created_at`, `updated_at`)
VALUES
	(1,'ahmad','coldman9910@gmail.com','$2y$10$3mR3j0SBoJsyfFPZ7yKWJ.k9tTEyIQqEJFA9mE2cZrpMYx4Eg/C5y','iXXyLv2pVDHztrMKUEH0UJPtPbul85Wl35N96dAkvTWWV7SmMoMOLNNcQwLN','2018-02-12 11:27:52','2018-02-12 11:27:52');

/*!40000 ALTER TABLE `users` ENABLE KEYS */;
UNLOCK TABLES;



/*!40111 SET SQL_NOTES=@OLD_SQL_NOTES */;
/*!40101 SET SQL_MODE=@OLD_SQL_MODE */;
/*!40014 SET FOREIGN_KEY_CHECKS=@OLD_FOREIGN_KEY_CHECKS */;
/*!40101 SET CHARACTER_SET_CLIENT=@OLD_CHARACTER_SET_CLIENT */;
/*!40101 SET CHARACTER_SET_RESULTS=@OLD_CHARACTER_SET_RESULTS */;
/*!40101 SET COLLATION_CONNECTION=@OLD_COLLATION_CONNECTION */;
